ISO-10303-21;
HEADER;
FILE_DESCRIPTION(('FreeCAD Model'),'2;1');
FILE_NAME('Open CASCADE Shape Model','2025-12-18T10:01:40',(''),(''),
  'Open CASCADE STEP processor 7.8','FreeCAD','Unknown');
FILE_SCHEMA(('AUTOMOTIVE_DESIGN { 1 0 10303 214 1 1 1 1 }'));
ENDSEC;
DATA;
#1 = APPLICATION_PROTOCOL_DEFINITION('international standard',
  'automotive_design',2000,#2);
#2 = APPLICATION_CONTEXT(
  'core data for automotive mechanical design processes');
#3 = SHAPE_DEFINITION_REPRESENTATION(#4,#10);
#4 = PRODUCT_DEFINITION_SHAPE('','',#5);
#5 = PRODUCT_DEFINITION('design','',#6,#9);
#6 = PRODUCT_DEFINITION_FORMATION('','',#7);
#7 = PRODUCT('Unnamed2','Unnamed2','',(#8));
#8 = PRODUCT_CONTEXT('',#2,'mechanical');
#9 = PRODUCT_DEFINITION_CONTEXT('part definition',#2,'design');
#10 = SHAPE_REPRESENTATION('',(#11,#15,#19,#23,#27,#31,#35,#39,#43,#47,
    #51,#55,#59,#63,#67,#71,#75,#79,#83),#87);
#11 = AXIS2_PLACEMENT_3D('',#12,#13,#14);
#12 = CARTESIAN_POINT('',(0.,0.,0.));
#13 = DIRECTION('',(0.,0.,1.));
#14 = DIRECTION('',(1.,0.,-0.));
#15 = AXIS2_PLACEMENT_3D('',#16,#17,#18);
#16 = CARTESIAN_POINT('',(0.,0.,0.));
#17 = DIRECTION('',(0.,0.,1.));
#18 = DIRECTION('',(1.,0.,0.));
#19 = AXIS2_PLACEMENT_3D('',#20,#21,#22);
#20 = CARTESIAN_POINT('',(3.8,2.,0.));
#21 = DIRECTION('',(0.,0.,1.));
#22 = DIRECTION('',(1.,0.,0.));
#23 = AXIS2_PLACEMENT_3D('',#24,#25,#26);
#24 = CARTESIAN_POINT('',(0.,0.,0.));
#25 = DIRECTION('',(0.,0.,1.));
#26 = DIRECTION('',(1.,0.,0.));
#27 = AXIS2_PLACEMENT_3D('',#28,#29,#30);
#28 = CARTESIAN_POINT('',(-4.2,5.,0.));
#29 = DIRECTION('',(0.,0.,1.));
#30 = DIRECTION('',(1.,0.,0.));
#31 = AXIS2_PLACEMENT_3D('',#32,#33,#34);
#32 = CARTESIAN_POINT('',(3.8,8.,0.));
#33 = DIRECTION('',(0.,0.,1.));
#34 = DIRECTION('',(1.,0.,0.));
#35 = AXIS2_PLACEMENT_3D('',#36,#37,#38);
#36 = CARTESIAN_POINT('',(3.8,11.,0.));
#37 = DIRECTION('',(0.,0.,1.));
#38 = DIRECTION('',(1.,0.,0.));
#39 = AXIS2_PLACEMENT_3D('',#40,#41,#42);
#40 = CARTESIAN_POINT('',(-4.2,14.,0.));
#41 = DIRECTION('',(0.,0.,1.));
#42 = DIRECTION('',(1.,0.,0.));
#43 = AXIS2_PLACEMENT_3D('',#44,#45,#46);
#44 = CARTESIAN_POINT('',(3.8,16.5,0.));
#45 = DIRECTION('',(0.,0.,1.));
#46 = DIRECTION('',(1.,0.,0.));
#47 = AXIS2_PLACEMENT_3D('',#48,#49,#50);
#48 = CARTESIAN_POINT('',(0.,1.5,-1.6));
#49 = DIRECTION('',(0.,0.,1.));
#50 = DIRECTION('',(1.,0.,0.));
#51 = AXIS2_PLACEMENT_3D('',#52,#53,#54);
#52 = CARTESIAN_POINT('',(-8.,3.5,0.8));
#53 = DIRECTION('',(0.,0.,1.));
#54 = DIRECTION('',(1.,0.,0.));
#55 = AXIS2_PLACEMENT_3D('',#56,#57,#58);
#56 = CARTESIAN_POINT('',(3.8,2.,0.));
#57 = DIRECTION('',(0.,0.,1.));
#58 = DIRECTION('',(1.,0.,0.));
#59 = AXIS2_PLACEMENT_3D('',#60,#61,#62);
#60 = CARTESIAN_POINT('',(-8.,5.6,0.));
#61 = DIRECTION('',(0.,0.,1.));
#62 = DIRECTION('',(1.,0.,0.));
#63 = AXIS2_PLACEMENT_3D('',#64,#65,#66);
#64 = CARTESIAN_POINT('',(3.8,5.,0.));
#65 = DIRECTION('',(0.,0.,1.));
#66 = DIRECTION('',(1.,0.,0.));
#67 = AXIS2_PLACEMENT_3D('',#68,#69,#70);
#68 = CARTESIAN_POINT('',(3.8,11.,0.));
#69 = DIRECTION('',(0.,0.,1.));
#70 = DIRECTION('',(1.,0.,0.));
#71 = AXIS2_PLACEMENT_3D('',#72,#73,#74);
#72 = CARTESIAN_POINT('',(3.8,14.,0.));
#73 = DIRECTION('',(0.,0.,1.));
#74 = DIRECTION('',(1.,0.,0.));
#75 = AXIS2_PLACEMENT_3D('',#76,#77,#78);
#76 = CARTESIAN_POINT('',(3.8,16.5,0.));
#77 = DIRECTION('',(0.,0.,1.));
#78 = DIRECTION('',(1.,0.,0.));
#79 = AXIS2_PLACEMENT_3D('',#80,#81,#82);
#80 = CARTESIAN_POINT('',(0.,1.5,0.));
#81 = DIRECTION('',(0.,0.,1.));
#82 = DIRECTION('',(1.,0.,0.));
#83 = AXIS2_PLACEMENT_3D('',#84,#85,#86);
#84 = CARTESIAN_POINT('',(0.,3.5,0.));
#85 = DIRECTION('',(0.,0.,1.));
#86 = DIRECTION('',(1.,0.,0.));
#87 = ( GEOMETRIC_REPRESENTATION_CONTEXT(3) 
GLOBAL_UNCERTAINTY_ASSIGNED_CONTEXT((#91)) GLOBAL_UNIT_ASSIGNED_CONTEXT(
(#88,#89,#90)) REPRESENTATION_CONTEXT('Context #1',
  '3D Context with UNIT and UNCERTAINTY') );
#88 = ( LENGTH_UNIT() NAMED_UNIT(*) SI_UNIT(.MILLI.,.METRE.) );
#89 = ( NAMED_UNIT(*) PLANE_ANGLE_UNIT() SI_UNIT($,.RADIAN.) );
#90 = ( NAMED_UNIT(*) SI_UNIT($,.STERADIAN.) SOLID_ANGLE_UNIT() );
#91 = UNCERTAINTY_MEASURE_WITH_UNIT(LENGTH_MEASURE(1.E-07),#88,
  'distance_accuracy_value','confusion accuracy');
#92 = PRODUCT_RELATED_PRODUCT_CATEGORY('part',$,(#7));
#93 = SHAPE_DEFINITION_REPRESENTATION(#94,#100);
#94 = PRODUCT_DEFINITION_SHAPE('','',#95);
#95 = PRODUCT_DEFINITION('design','',#96,#99);
#96 = PRODUCT_DEFINITION_FORMATION('','',#97);
#97 = PRODUCT('Body','Body','',(#98));
#98 = PRODUCT_CONTEXT('',#2,'mechanical');
#99 = PRODUCT_DEFINITION_CONTEXT('part definition',#2,'design');
#100 = ADVANCED_BREP_SHAPE_REPRESENTATION('',(#11,#101),#251);
#101 = MANIFOLD_SOLID_BREP('',#102);
#102 = CLOSED_SHELL('',(#103,#143,#174,#205,#227,#239));
#103 = ADVANCED_FACE('',(#104),#138,.F.);
#104 = FACE_BOUND('',#105,.F.);
#105 = EDGE_LOOP('',(#106,#116,#124,#132));
#106 = ORIENTED_EDGE('',*,*,#107,.T.);
#107 = EDGE_CURVE('',#108,#110,#112,.T.);
#108 = VERTEX_POINT('',#109);
#109 = CARTESIAN_POINT('',(-3.75,-11.,0.));
#110 = VERTEX_POINT('',#111);
#111 = CARTESIAN_POINT('',(-3.75,-11.,5.));
#112 = LINE('',#113,#114);
#113 = CARTESIAN_POINT('',(-3.75,-11.,0.));
#114 = VECTOR('',#115,1.);
#115 = DIRECTION('',(0.,0.,1.));
#116 = ORIENTED_EDGE('',*,*,#117,.T.);
#117 = EDGE_CURVE('',#110,#118,#120,.T.);
#118 = VERTEX_POINT('',#119);
#119 = CARTESIAN_POINT('',(3.75,-11.,5.));
#120 = LINE('',#121,#122);
#121 = CARTESIAN_POINT('',(-3.75,-11.,5.));
#122 = VECTOR('',#123,1.);
#123 = DIRECTION('',(1.,0.,0.));
#124 = ORIENTED_EDGE('',*,*,#125,.F.);
#125 = EDGE_CURVE('',#126,#118,#128,.T.);
#126 = VERTEX_POINT('',#127);
#127 = CARTESIAN_POINT('',(3.75,-11.,0.));
#128 = LINE('',#129,#130);
#129 = CARTESIAN_POINT('',(3.75,-11.,0.));
#130 = VECTOR('',#131,1.);
#131 = DIRECTION('',(0.,0.,1.));
#132 = ORIENTED_EDGE('',*,*,#133,.F.);
#133 = EDGE_CURVE('',#108,#126,#134,.T.);
#134 = LINE('',#135,#136);
#135 = CARTESIAN_POINT('',(-3.75,-11.,0.));
#136 = VECTOR('',#137,1.);
#137 = DIRECTION('',(1.,0.,0.));
#138 = PLANE('',#139);
#139 = AXIS2_PLACEMENT_3D('',#140,#141,#142);
#140 = CARTESIAN_POINT('',(-3.75,-11.,0.));
#141 = DIRECTION('',(0.,1.,0.));
#142 = DIRECTION('',(1.,0.,0.));
#143 = ADVANCED_FACE('',(#144),#169,.F.);
#144 = FACE_BOUND('',#145,.F.);
#145 = EDGE_LOOP('',(#146,#147,#155,#163));
#146 = ORIENTED_EDGE('',*,*,#125,.T.);
#147 = ORIENTED_EDGE('',*,*,#148,.T.);
#148 = EDGE_CURVE('',#118,#149,#151,.T.);
#149 = VERTEX_POINT('',#150);
#150 = CARTESIAN_POINT('',(3.75,11.,5.));
#151 = LINE('',#152,#153);
#152 = CARTESIAN_POINT('',(3.75,-11.,5.));
#153 = VECTOR('',#154,1.);
#154 = DIRECTION('',(0.,1.,0.));
#155 = ORIENTED_EDGE('',*,*,#156,.F.);
#156 = EDGE_CURVE('',#157,#149,#159,.T.);
#157 = VERTEX_POINT('',#158);
#158 = CARTESIAN_POINT('',(3.75,11.,0.));
#159 = LINE('',#160,#161);
#160 = CARTESIAN_POINT('',(3.75,11.,0.));
#161 = VECTOR('',#162,1.);
#162 = DIRECTION('',(0.,0.,1.));
#163 = ORIENTED_EDGE('',*,*,#164,.F.);
#164 = EDGE_CURVE('',#126,#157,#165,.T.);
#165 = LINE('',#166,#167);
#166 = CARTESIAN_POINT('',(3.75,-11.,0.));
#167 = VECTOR('',#168,1.);
#168 = DIRECTION('',(0.,1.,0.));
#169 = PLANE('',#170);
#170 = AXIS2_PLACEMENT_3D('',#171,#172,#173);
#171 = CARTESIAN_POINT('',(3.75,-11.,0.));
#172 = DIRECTION('',(-1.,0.,0.));
#173 = DIRECTION('',(0.,1.,0.));
#174 = ADVANCED_FACE('',(#175),#200,.F.);
#175 = FACE_BOUND('',#176,.F.);
#176 = EDGE_LOOP('',(#177,#178,#186,#194));
#177 = ORIENTED_EDGE('',*,*,#156,.T.);
#178 = ORIENTED_EDGE('',*,*,#179,.T.);
#179 = EDGE_CURVE('',#149,#180,#182,.T.);
#180 = VERTEX_POINT('',#181);
#181 = CARTESIAN_POINT('',(-3.75,11.,5.));
#182 = LINE('',#183,#184);
#183 = CARTESIAN_POINT('',(3.75,11.,5.));
#184 = VECTOR('',#185,1.);
#185 = DIRECTION('',(-1.,0.,0.));
#186 = ORIENTED_EDGE('',*,*,#187,.F.);
#187 = EDGE_CURVE('',#188,#180,#190,.T.);
#188 = VERTEX_POINT('',#189);
#189 = CARTESIAN_POINT('',(-3.75,11.,0.));
#190 = LINE('',#191,#192);
#191 = CARTESIAN_POINT('',(-3.75,11.,0.));
#192 = VECTOR('',#193,1.);
#193 = DIRECTION('',(0.,0.,1.));
#194 = ORIENTED_EDGE('',*,*,#195,.F.);
#195 = EDGE_CURVE('',#157,#188,#196,.T.);
#196 = LINE('',#197,#198);
#197 = CARTESIAN_POINT('',(3.75,11.,0.));
#198 = VECTOR('',#199,1.);
#199 = DIRECTION('',(-1.,0.,0.));
#200 = PLANE('',#201);
#201 = AXIS2_PLACEMENT_3D('',#202,#203,#204);
#202 = CARTESIAN_POINT('',(3.75,11.,0.));
#203 = DIRECTION('',(0.,-1.,0.));
#204 = DIRECTION('',(-1.,0.,0.));
#205 = ADVANCED_FACE('',(#206),#222,.F.);
#206 = FACE_BOUND('',#207,.F.);
#207 = EDGE_LOOP('',(#208,#209,#215,#216));
#208 = ORIENTED_EDGE('',*,*,#187,.T.);
#209 = ORIENTED_EDGE('',*,*,#210,.T.);
#210 = EDGE_CURVE('',#180,#110,#211,.T.);
#211 = LINE('',#212,#213);
#212 = CARTESIAN_POINT('',(-3.75,11.,5.));
#213 = VECTOR('',#214,1.);
#214 = DIRECTION('',(0.,-1.,0.));
#215 = ORIENTED_EDGE('',*,*,#107,.F.);
#216 = ORIENTED_EDGE('',*,*,#217,.F.);
#217 = EDGE_CURVE('',#188,#108,#218,.T.);
#218 = LINE('',#219,#220);
#219 = CARTESIAN_POINT('',(-3.75,11.,0.));
#220 = VECTOR('',#221,1.);
#221 = DIRECTION('',(0.,-1.,0.));
#222 = PLANE('',#223);
#223 = AXIS2_PLACEMENT_3D('',#224,#225,#226);
#224 = CARTESIAN_POINT('',(-3.75,11.,0.));
#225 = DIRECTION('',(1.,0.,0.));
#226 = DIRECTION('',(0.,-1.,0.));
#227 = ADVANCED_FACE('',(#228),#234,.F.);
#228 = FACE_BOUND('',#229,.F.);
#229 = EDGE_LOOP('',(#230,#231,#232,#233));
#230 = ORIENTED_EDGE('',*,*,#133,.T.);
#231 = ORIENTED_EDGE('',*,*,#164,.T.);
#232 = ORIENTED_EDGE('',*,*,#195,.T.);
#233 = ORIENTED_EDGE('',*,*,#217,.T.);
#234 = PLANE('',#235);
#235 = AXIS2_PLACEMENT_3D('',#236,#237,#238);
#236 = CARTESIAN_POINT('',(0.,0.,0.));
#237 = DIRECTION('',(0.,0.,1.));
#238 = DIRECTION('',(1.,0.,0.));
#239 = ADVANCED_FACE('',(#240),#246,.T.);
#240 = FACE_BOUND('',#241,.T.);
#241 = EDGE_LOOP('',(#242,#243,#244,#245));
#242 = ORIENTED_EDGE('',*,*,#117,.T.);
#243 = ORIENTED_EDGE('',*,*,#148,.T.);
#244 = ORIENTED_EDGE('',*,*,#179,.T.);
#245 = ORIENTED_EDGE('',*,*,#210,.T.);
#246 = PLANE('',#247);
#247 = AXIS2_PLACEMENT_3D('',#248,#249,#250);
#248 = CARTESIAN_POINT('',(0.,0.,5.));
#249 = DIRECTION('',(0.,0.,1.));
#250 = DIRECTION('',(1.,0.,0.));
#251 = ( GEOMETRIC_REPRESENTATION_CONTEXT(3) 
GLOBAL_UNCERTAINTY_ASSIGNED_CONTEXT((#255)) GLOBAL_UNIT_ASSIGNED_CONTEXT
((#252,#253,#254)) REPRESENTATION_CONTEXT('Context #1',
  '3D Context with UNIT and UNCERTAINTY') );
#252 = ( LENGTH_UNIT() NAMED_UNIT(*) SI_UNIT(.MILLI.,.METRE.) );
#253 = ( NAMED_UNIT(*) PLANE_ANGLE_UNIT() SI_UNIT($,.RADIAN.) );
#254 = ( NAMED_UNIT(*) SI_UNIT($,.STERADIAN.) SOLID_ANGLE_UNIT() );
#255 = UNCERTAINTY_MEASURE_WITH_UNIT(LENGTH_MEASURE(1.E-07),#252,
  'distance_accuracy_value','confusion accuracy');
#256 = CONTEXT_DEPENDENT_SHAPE_REPRESENTATION(#257,#259);
#257 = ( REPRESENTATION_RELATIONSHIP('','',#100,#10) 
REPRESENTATION_RELATIONSHIP_WITH_TRANSFORMATION(#258) 
SHAPE_REPRESENTATION_RELATIONSHIP() );
#258 = ITEM_DEFINED_TRANSFORMATION('','',#11,#15);
#259 = PRODUCT_DEFINITION_SHAPE('Placement','Placement of an item',#260
  );
#260 = NEXT_ASSEMBLY_USAGE_OCCURRENCE('10','Body','',#5,#95,$);
#261 = PRODUCT_RELATED_PRODUCT_CATEGORY('part',$,(#97));
#262 = SHAPE_DEFINITION_REPRESENTATION(#263,#269);
#263 = PRODUCT_DEFINITION_SHAPE('','',#264);
#264 = PRODUCT_DEFINITION('design','',#265,#268);
#265 = PRODUCT_DEFINITION_FORMATION('','',#266);
#266 = PRODUCT('Тіло','Тіло','',(#267));
#267 = PRODUCT_CONTEXT('',#2,'mechanical');
#268 = PRODUCT_DEFINITION_CONTEXT('part definition',#2,'design');
#269 = ADVANCED_BREP_SHAPE_REPRESENTATION('',(#11,#270),#420);
#270 = MANIFOLD_SOLID_BREP('',#271);
#271 = CLOSED_SHELL('',(#272,#312,#343,#374,#396,#408));
#272 = ADVANCED_FACE('',(#273),#307,.F.);
#273 = FACE_BOUND('',#274,.F.);
#274 = EDGE_LOOP('',(#275,#285,#293,#301));
#275 = ORIENTED_EDGE('',*,*,#276,.T.);
#276 = EDGE_CURVE('',#277,#279,#281,.T.);
#277 = VERTEX_POINT('',#278);
#278 = CARTESIAN_POINT('',(-1.40663181103E-15,-11.749759,4.223271));
#279 = VERTEX_POINT('',#280);
#280 = CARTESIAN_POINT('',(0.6,-11.749759,4.223271));
#281 = LINE('',#282,#283);
#282 = CARTESIAN_POINT('',(-1.40663181103E-15,-11.749759,4.223271));
#283 = VECTOR('',#284,1.);
#284 = DIRECTION('',(1.,-2.22044604925E-16,1.110223024625E-16));
#285 = ORIENTED_EDGE('',*,*,#286,.T.);
#286 = EDGE_CURVE('',#279,#287,#289,.T.);
#287 = VERTEX_POINT('',#288);
#288 = CARTESIAN_POINT('',(0.6,-11.149759,4.223271));
#289 = LINE('',#290,#291);
#290 = CARTESIAN_POINT('',(0.6,-11.749759,4.223271));
#291 = VECTOR('',#292,1.);
#292 = DIRECTION('',(-2.22044604925E-16,1.,-5.551115123126E-16));
#293 = ORIENTED_EDGE('',*,*,#294,.F.);
#294 = EDGE_CURVE('',#295,#287,#297,.T.);
#295 = VERTEX_POINT('',#296);
#296 = CARTESIAN_POINT('',(-1.40663181103E-15,-11.149759,4.223271));
#297 = LINE('',#298,#299);
#298 = CARTESIAN_POINT('',(-1.40663181103E-15,-11.149759,4.223271));
#299 = VECTOR('',#300,1.);
#300 = DIRECTION('',(1.,-2.22044604925E-16,1.110223024625E-16));
#301 = ORIENTED_EDGE('',*,*,#302,.F.);
#302 = EDGE_CURVE('',#277,#295,#303,.T.);
#303 = LINE('',#304,#305);
#304 = CARTESIAN_POINT('',(2.645842434035E-16,-11.749759,4.223271));
#305 = VECTOR('',#306,1.);
#306 = DIRECTION('',(-2.22044604925E-16,1.,-5.551115123126E-16));
#307 = PLANE('',#308);
#308 = AXIS2_PLACEMENT_3D('',#309,#310,#311);
#309 = CARTESIAN_POINT('',(-1.40663181103E-15,-11.749759,4.223271));
#310 = DIRECTION('',(-1.110223024625E-16,3.330669073875E-16,1.));
#311 = DIRECTION('',(2.465190328816E-32,1.,-3.330669073875E-16));
#312 = ADVANCED_FACE('',(#313),#338,.F.);
#313 = FACE_BOUND('',#314,.F.);
#314 = EDGE_LOOP('',(#315,#316,#324,#332));
#315 = ORIENTED_EDGE('',*,*,#294,.T.);
#316 = ORIENTED_EDGE('',*,*,#317,.T.);
#317 = EDGE_CURVE('',#287,#318,#320,.T.);
#318 = VERTEX_POINT('',#319);
#319 = CARTESIAN_POINT('',(0.6,-11.149759,14.223271));
#320 = LINE('',#321,#322);
#321 = CARTESIAN_POINT('',(0.6,-11.149759,4.223271));
#322 = VECTOR('',#323,1.);
#323 = DIRECTION('',(-5.551115123126E-16,-1.110223024625E-16,1.));
#324 = ORIENTED_EDGE('',*,*,#325,.F.);
#325 = EDGE_CURVE('',#326,#318,#328,.T.);
#326 = VERTEX_POINT('',#327);
#327 = CARTESIAN_POINT('',(-4.737300884905E-15,-11.149759,14.223271));
#328 = LINE('',#329,#330);
#329 = CARTESIAN_POINT('',(-4.737300884905E-15,-11.149759,14.223271));
#330 = VECTOR('',#331,1.);
#331 = DIRECTION('',(1.,-2.22044604925E-16,1.110223024625E-16));
#332 = ORIENTED_EDGE('',*,*,#333,.F.);
#333 = EDGE_CURVE('',#295,#326,#334,.T.);
#334 = LINE('',#335,#336);
#335 = CARTESIAN_POINT('',(1.313574804485E-16,-11.149759,4.223271));
#336 = VECTOR('',#337,1.);
#337 = DIRECTION('',(-5.551115123126E-16,-1.110223024625E-16,1.));
#338 = PLANE('',#339);
#339 = AXIS2_PLACEMENT_3D('',#340,#341,#342);
#340 = CARTESIAN_POINT('',(-1.40663181103E-15,-11.149759,4.223271));
#341 = DIRECTION('',(-2.22044604925E-16,-1.,1.110223024625E-16));
#342 = DIRECTION('',(-3.330669073875E-16,1.110223024625E-16,1.));
#343 = ADVANCED_FACE('',(#344),#369,.F.);
#344 = FACE_BOUND('',#345,.F.);
#345 = EDGE_LOOP('',(#346,#347,#355,#363));
#346 = ORIENTED_EDGE('',*,*,#325,.T.);
#347 = ORIENTED_EDGE('',*,*,#348,.T.);
#348 = EDGE_CURVE('',#318,#349,#351,.T.);
#349 = VERTEX_POINT('',#350);
#350 = CARTESIAN_POINT('',(0.6,-11.749759,14.223271));
#351 = LINE('',#352,#353);
#352 = CARTESIAN_POINT('',(0.6,-11.149759,14.223271));
#353 = VECTOR('',#354,1.);
#354 = DIRECTION('',(2.22044604925E-16,-1.,5.551115123126E-16));
#355 = ORIENTED_EDGE('',*,*,#356,.F.);
#356 = EDGE_CURVE('',#357,#349,#359,.T.);
#357 = VERTEX_POINT('',#358);
#358 = CARTESIAN_POINT('',(-4.737300884905E-15,-11.749759,14.223271));
#359 = LINE('',#360,#361);
#360 = CARTESIAN_POINT('',(-4.737300884905E-15,-11.749759,14.223271));
#361 = VECTOR('',#362,1.);
#362 = DIRECTION('',(1.,-2.22044604925E-16,1.110223024625E-16));
#363 = ORIENTED_EDGE('',*,*,#364,.F.);
#364 = EDGE_CURVE('',#326,#357,#365,.T.);
#365 = LINE('',#366,#367);
#366 = CARTESIAN_POINT('',(-5.419757642677E-15,-11.149759,14.223271));
#367 = VECTOR('',#368,1.);
#368 = DIRECTION('',(2.22044604925E-16,-1.,5.551115123126E-16));
#369 = PLANE('',#370);
#370 = AXIS2_PLACEMENT_3D('',#371,#372,#373);
#371 = CARTESIAN_POINT('',(-4.737300884905E-15,-11.149759,14.223271));
#372 = DIRECTION('',(1.110223024625E-16,-3.330669073875E-16,-1.));
#373 = DIRECTION('',(-2.465190328816E-32,-1.,3.330669073875E-16));
#374 = ADVANCED_FACE('',(#375),#391,.F.);
#375 = FACE_BOUND('',#376,.F.);
#376 = EDGE_LOOP('',(#377,#378,#384,#385));
#377 = ORIENTED_EDGE('',*,*,#356,.T.);
#378 = ORIENTED_EDGE('',*,*,#379,.T.);
#379 = EDGE_CURVE('',#349,#279,#380,.T.);
#380 = LINE('',#381,#382);
#381 = CARTESIAN_POINT('',(0.6,-11.749759,14.223271));
#382 = VECTOR('',#383,1.);
#383 = DIRECTION('',(5.551115123126E-16,1.110223024625E-16,-1.));
#384 = ORIENTED_EDGE('',*,*,#276,.F.);
#385 = ORIENTED_EDGE('',*,*,#386,.F.);
#386 = EDGE_CURVE('',#357,#277,#387,.T.);
#387 = LINE('',#388,#389);
#388 = CARTESIAN_POINT('',(-5.286530879722E-15,-11.749759,14.223271));
#389 = VECTOR('',#390,1.);
#390 = DIRECTION('',(5.551115123126E-16,1.110223024625E-16,-1.));
#391 = PLANE('',#392);
#392 = AXIS2_PLACEMENT_3D('',#393,#394,#395);
#393 = CARTESIAN_POINT('',(-4.737300884905E-15,-11.749759,14.223271));
#394 = DIRECTION('',(2.22044604925E-16,1.,-1.110223024625E-16));
#395 = DIRECTION('',(3.330669073875E-16,-1.110223024625E-16,-1.));
#396 = ADVANCED_FACE('',(#397),#403,.F.);
#397 = FACE_BOUND('',#398,.F.);
#398 = EDGE_LOOP('',(#399,#400,#401,#402));
#399 = ORIENTED_EDGE('',*,*,#302,.T.);
#400 = ORIENTED_EDGE('',*,*,#333,.T.);
#401 = ORIENTED_EDGE('',*,*,#364,.T.);
#402 = ORIENTED_EDGE('',*,*,#386,.T.);
#403 = PLANE('',#404);
#404 = AXIS2_PLACEMENT_3D('',#405,#406,#407);
#405 = CARTESIAN_POINT('',(-2.577586699637E-15,-11.449759,9.223271));
#406 = DIRECTION('',(1.,-4.440892098501E-16,-1.110223024625E-16));
#407 = DIRECTION('',(-5.551115123126E-16,-1.110223024625E-16,1.));
#408 = ADVANCED_FACE('',(#409),#415,.T.);
#409 = FACE_BOUND('',#410,.T.);
#410 = EDGE_LOOP('',(#411,#412,#413,#414));
#411 = ORIENTED_EDGE('',*,*,#286,.T.);
#412 = ORIENTED_EDGE('',*,*,#317,.T.);
#413 = ORIENTED_EDGE('',*,*,#348,.T.);
#414 = ORIENTED_EDGE('',*,*,#379,.T.);
#415 = PLANE('',#416);
#416 = AXIS2_PLACEMENT_3D('',#417,#418,#419);
#417 = CARTESIAN_POINT('',(0.6,-11.449759,9.223271));
#418 = DIRECTION('',(1.,-4.440892098501E-16,-1.110223024625E-16));
#419 = DIRECTION('',(-5.551115123126E-16,-1.110223024625E-16,1.));
#420 = ( GEOMETRIC_REPRESENTATION_CONTEXT(3) 
GLOBAL_UNCERTAINTY_ASSIGNED_CONTEXT((#424)) GLOBAL_UNIT_ASSIGNED_CONTEXT
((#421,#422,#423)) REPRESENTATION_CONTEXT('Context #1',
  '3D Context with UNIT and UNCERTAINTY') );
#421 = ( LENGTH_UNIT() NAMED_UNIT(*) SI_UNIT(.MILLI.,.METRE.) );
#422 = ( NAMED_UNIT(*) PLANE_ANGLE_UNIT() SI_UNIT($,.RADIAN.) );
#423 = ( NAMED_UNIT(*) SI_UNIT($,.STERADIAN.) SOLID_ANGLE_UNIT() );
#424 = UNCERTAINTY_MEASURE_WITH_UNIT(LENGTH_MEASURE(1.E-07),#421,
  'distance_accuracy_value','confusion accuracy');
#425 = CONTEXT_DEPENDENT_SHAPE_REPRESENTATION(#426,#428);
#426 = ( REPRESENTATION_RELATIONSHIP('','',#269,#10) 
REPRESENTATION_RELATIONSHIP_WITH_TRANSFORMATION(#427) 
SHAPE_REPRESENTATION_RELATIONSHIP() );
#427 = ITEM_DEFINED_TRANSFORMATION('','',#11,#19);
#428 = PRODUCT_DEFINITION_SHAPE('Placement','Placement of an item',#429
  );
#429 = NEXT_ASSEMBLY_USAGE_OCCURRENCE('11','Тіло','',#5,#264,$);
#430 = PRODUCT_RELATED_PRODUCT_CATEGORY('part',$,(#266));
#431 = SHAPE_DEFINITION_REPRESENTATION(#432,#438);
#432 = PRODUCT_DEFINITION_SHAPE('','',#433);
#433 = PRODUCT_DEFINITION('design','',#434,#437);
#434 = PRODUCT_DEFINITION_FORMATION('','',#435);
#435 = PRODUCT('Body002','Body002','',(#436));
#436 = PRODUCT_CONTEXT('',#2,'mechanical');
#437 = PRODUCT_DEFINITION_CONTEXT('part definition',#2,'design');
#438 = ADVANCED_BREP_SHAPE_REPRESENTATION('',(#11,#439),#589);
#439 = MANIFOLD_SOLID_BREP('',#440);
#440 = CLOSED_SHELL('',(#441,#481,#512,#543,#565,#577));
#441 = ADVANCED_FACE('',(#442),#476,.F.);
#442 = FACE_BOUND('',#443,.F.);
#443 = EDGE_LOOP('',(#444,#454,#462,#470));
#444 = ORIENTED_EDGE('',*,*,#445,.T.);
#445 = EDGE_CURVE('',#446,#448,#450,.T.);
#446 = VERTEX_POINT('',#447);
#447 = CARTESIAN_POINT('',(-4.2,-9.749759,2.223271));
#448 = VERTEX_POINT('',#449);
#449 = CARTESIAN_POINT('',(-3.6,-9.749759,2.223271));
#450 = LINE('',#451,#452);
#451 = CARTESIAN_POINT('',(-4.2,-9.749759,2.223271));
#452 = VECTOR('',#453,1.);
#453 = DIRECTION('',(1.,-2.22044604925E-16,1.110223024625E-16));
#454 = ORIENTED_EDGE('',*,*,#455,.T.);
#455 = EDGE_CURVE('',#448,#456,#458,.T.);
#456 = VERTEX_POINT('',#457);
#457 = CARTESIAN_POINT('',(-3.6,-9.149759,2.223271));
#458 = LINE('',#459,#460);
#459 = CARTESIAN_POINT('',(-3.6,-9.749759,2.223271));
#460 = VECTOR('',#461,1.);
#461 = DIRECTION('',(-4.440892098501E-16,1.,-7.771561172376E-16));
#462 = ORIENTED_EDGE('',*,*,#463,.F.);
#463 = EDGE_CURVE('',#464,#456,#466,.T.);
#464 = VERTEX_POINT('',#465);
#465 = CARTESIAN_POINT('',(-4.2,-9.149759,2.223271));
#466 = LINE('',#467,#468);
#467 = CARTESIAN_POINT('',(-4.2,-9.149759,2.223271));
#468 = VECTOR('',#469,1.);
#469 = DIRECTION('',(1.,-2.22044604925E-16,1.110223024625E-16));
#470 = ORIENTED_EDGE('',*,*,#471,.F.);
#471 = EDGE_CURVE('',#446,#464,#472,.T.);
#472 = LINE('',#473,#474);
#473 = CARTESIAN_POINT('',(-4.2,-9.749759,2.223271));
#474 = VECTOR('',#475,1.);
#475 = DIRECTION('',(-4.440892098501E-16,1.,-7.771561172376E-16));
#476 = PLANE('',#477);
#477 = AXIS2_PLACEMENT_3D('',#478,#479,#480);
#478 = CARTESIAN_POINT('',(-4.2,-9.749759,2.223271));
#479 = DIRECTION('',(-1.110223024625E-16,3.330669073875E-16,1.));
#480 = DIRECTION('',(2.465190328816E-32,1.,-3.330669073875E-16));
#481 = ADVANCED_FACE('',(#482),#507,.F.);
#482 = FACE_BOUND('',#483,.F.);
#483 = EDGE_LOOP('',(#484,#485,#493,#501));
#484 = ORIENTED_EDGE('',*,*,#463,.T.);
#485 = ORIENTED_EDGE('',*,*,#486,.T.);
#486 = EDGE_CURVE('',#456,#487,#489,.T.);
#487 = VERTEX_POINT('',#488);
#488 = CARTESIAN_POINT('',(-3.6,-9.149759,12.223271));
#489 = LINE('',#490,#491);
#490 = CARTESIAN_POINT('',(-3.6,-9.149759,2.223271));
#491 = VECTOR('',#492,1.);
#492 = DIRECTION('',(-7.771561172376E-16,-3.330669073875E-16,1.));
#493 = ORIENTED_EDGE('',*,*,#494,.F.);
#494 = EDGE_CURVE('',#495,#487,#497,.T.);
#495 = VERTEX_POINT('',#496);
#496 = CARTESIAN_POINT('',(-4.2,-9.149759,12.223271));
#497 = LINE('',#498,#499);
#498 = CARTESIAN_POINT('',(-4.2,-9.149759,12.223271));
#499 = VECTOR('',#500,1.);
#500 = DIRECTION('',(1.,-2.22044604925E-16,1.110223024625E-16));
#501 = ORIENTED_EDGE('',*,*,#502,.F.);
#502 = EDGE_CURVE('',#464,#495,#503,.T.);
#503 = LINE('',#504,#505);
#504 = CARTESIAN_POINT('',(-4.2,-9.149759,2.223271));
#505 = VECTOR('',#506,1.);
#506 = DIRECTION('',(-7.771561172376E-16,-3.330669073875E-16,1.));
#507 = PLANE('',#508);
#508 = AXIS2_PLACEMENT_3D('',#509,#510,#511);
#509 = CARTESIAN_POINT('',(-4.2,-9.149759,2.223271));
#510 = DIRECTION('',(-2.22044604925E-16,-1.,1.110223024625E-16));
#511 = DIRECTION('',(-3.330669073875E-16,1.110223024625E-16,1.));
#512 = ADVANCED_FACE('',(#513),#538,.F.);
#513 = FACE_BOUND('',#514,.F.);
#514 = EDGE_LOOP('',(#515,#516,#524,#532));
#515 = ORIENTED_EDGE('',*,*,#494,.T.);
#516 = ORIENTED_EDGE('',*,*,#517,.T.);
#517 = EDGE_CURVE('',#487,#518,#520,.T.);
#518 = VERTEX_POINT('',#519);
#519 = CARTESIAN_POINT('',(-3.6,-9.749759,12.223271));
#520 = LINE('',#521,#522);
#521 = CARTESIAN_POINT('',(-3.6,-9.149759,12.223271));
#522 = VECTOR('',#523,1.);
#523 = DIRECTION('',(4.440892098501E-16,-1.,7.771561172376E-16));
#524 = ORIENTED_EDGE('',*,*,#525,.F.);
#525 = EDGE_CURVE('',#526,#518,#528,.T.);
#526 = VERTEX_POINT('',#527);
#527 = CARTESIAN_POINT('',(-4.2,-9.749759,12.223271));
#528 = LINE('',#529,#530);
#529 = CARTESIAN_POINT('',(-4.2,-9.749759,12.223271));
#530 = VECTOR('',#531,1.);
#531 = DIRECTION('',(1.,-2.22044604925E-16,1.110223024625E-16));
#532 = ORIENTED_EDGE('',*,*,#533,.F.);
#533 = EDGE_CURVE('',#495,#526,#534,.T.);
#534 = LINE('',#535,#536);
#535 = CARTESIAN_POINT('',(-4.2,-9.149759,12.223271));
#536 = VECTOR('',#537,1.);
#537 = DIRECTION('',(4.440892098501E-16,-1.,7.771561172376E-16));
#538 = PLANE('',#539);
#539 = AXIS2_PLACEMENT_3D('',#540,#541,#542);
#540 = CARTESIAN_POINT('',(-4.2,-9.149759,12.223271));
#541 = DIRECTION('',(1.110223024625E-16,-3.330669073875E-16,-1.));
#542 = DIRECTION('',(-2.465190328816E-32,-1.,3.330669073875E-16));
#543 = ADVANCED_FACE('',(#544),#560,.F.);
#544 = FACE_BOUND('',#545,.F.);
#545 = EDGE_LOOP('',(#546,#547,#553,#554));
#546 = ORIENTED_EDGE('',*,*,#525,.T.);
#547 = ORIENTED_EDGE('',*,*,#548,.T.);
#548 = EDGE_CURVE('',#518,#448,#549,.T.);
#549 = LINE('',#550,#551);
#550 = CARTESIAN_POINT('',(-3.6,-9.749759,12.223271));
#551 = VECTOR('',#552,1.);
#552 = DIRECTION('',(7.771561172376E-16,3.330669073875E-16,-1.));
#553 = ORIENTED_EDGE('',*,*,#445,.F.);
#554 = ORIENTED_EDGE('',*,*,#555,.F.);
#555 = EDGE_CURVE('',#526,#446,#556,.T.);
#556 = LINE('',#557,#558);
#557 = CARTESIAN_POINT('',(-4.2,-9.749759,12.223271));
#558 = VECTOR('',#559,1.);
#559 = DIRECTION('',(7.771561172376E-16,3.330669073875E-16,-1.));
#560 = PLANE('',#561);
#561 = AXIS2_PLACEMENT_3D('',#562,#563,#564);
#562 = CARTESIAN_POINT('',(-4.2,-9.749759,12.223271));
#563 = DIRECTION('',(2.22044604925E-16,1.,-1.110223024625E-16));
#564 = DIRECTION('',(3.330669073875E-16,-1.110223024625E-16,-1.));
#565 = ADVANCED_FACE('',(#566),#572,.F.);
#566 = FACE_BOUND('',#567,.F.);
#567 = EDGE_LOOP('',(#568,#569,#570,#571));
#568 = ORIENTED_EDGE('',*,*,#471,.T.);
#569 = ORIENTED_EDGE('',*,*,#502,.T.);
#570 = ORIENTED_EDGE('',*,*,#533,.T.);
#571 = ORIENTED_EDGE('',*,*,#555,.T.);
#572 = PLANE('',#573);
#573 = AXIS2_PLACEMENT_3D('',#574,#575,#576);
#574 = CARTESIAN_POINT('',(-4.2,-9.449759,7.223271));
#575 = DIRECTION('',(1.,-6.661338147751E-16,-3.330669073875E-16));
#576 = DIRECTION('',(-7.771561172376E-16,-3.330669073875E-16,1.));
#577 = ADVANCED_FACE('',(#578),#584,.T.);
#578 = FACE_BOUND('',#579,.T.);
#579 = EDGE_LOOP('',(#580,#581,#582,#583));
#580 = ORIENTED_EDGE('',*,*,#455,.T.);
#581 = ORIENTED_EDGE('',*,*,#486,.T.);
#582 = ORIENTED_EDGE('',*,*,#517,.T.);
#583 = ORIENTED_EDGE('',*,*,#548,.T.);
#584 = PLANE('',#585);
#585 = AXIS2_PLACEMENT_3D('',#586,#587,#588);
#586 = CARTESIAN_POINT('',(-3.6,-9.449759,7.223271));
#587 = DIRECTION('',(1.,-6.661338147751E-16,-3.330669073875E-16));
#588 = DIRECTION('',(-7.771561172376E-16,-3.330669073875E-16,1.));
#589 = ( GEOMETRIC_REPRESENTATION_CONTEXT(3) 
GLOBAL_UNCERTAINTY_ASSIGNED_CONTEXT((#593)) GLOBAL_UNIT_ASSIGNED_CONTEXT
((#590,#591,#592)) REPRESENTATION_CONTEXT('Context #1',
  '3D Context with UNIT and UNCERTAINTY') );
#590 = ( LENGTH_UNIT() NAMED_UNIT(*) SI_UNIT(.MILLI.,.METRE.) );
#591 = ( NAMED_UNIT(*) PLANE_ANGLE_UNIT() SI_UNIT($,.RADIAN.) );
#592 = ( NAMED_UNIT(*) SI_UNIT($,.STERADIAN.) SOLID_ANGLE_UNIT() );
#593 = UNCERTAINTY_MEASURE_WITH_UNIT(LENGTH_MEASURE(1.E-07),#590,
  'distance_accuracy_value','confusion accuracy');
#594 = CONTEXT_DEPENDENT_SHAPE_REPRESENTATION(#595,#597);
#595 = ( REPRESENTATION_RELATIONSHIP('','',#438,#10) 
REPRESENTATION_RELATIONSHIP_WITH_TRANSFORMATION(#596) 
SHAPE_REPRESENTATION_RELATIONSHIP() );
#596 = ITEM_DEFINED_TRANSFORMATION('','',#11,#23);
#597 = PRODUCT_DEFINITION_SHAPE('Placement','Placement of an item',#598
  );
#598 = NEXT_ASSEMBLY_USAGE_OCCURRENCE('12','Body002','',#5,#433,$);
#599 = PRODUCT_RELATED_PRODUCT_CATEGORY('part',$,(#435));
#600 = SHAPE_DEFINITION_REPRESENTATION(#601,#607);
#601 = PRODUCT_DEFINITION_SHAPE('','',#602);
#602 = PRODUCT_DEFINITION('design','',#603,#606);
#603 = PRODUCT_DEFINITION_FORMATION('','',#604);
#604 = PRODUCT('Body003','Body003','',(#605));
#605 = PRODUCT_CONTEXT('',#2,'mechanical');
#606 = PRODUCT_DEFINITION_CONTEXT('part definition',#2,'design');
#607 = ADVANCED_BREP_SHAPE_REPRESENTATION('',(#11,#608),#758);
#608 = MANIFOLD_SOLID_BREP('',#609);
#609 = CLOSED_SHELL('',(#610,#650,#681,#712,#734,#746));
#610 = ADVANCED_FACE('',(#611),#645,.F.);
#611 = FACE_BOUND('',#612,.F.);
#612 = EDGE_LOOP('',(#613,#623,#631,#639));
#613 = ORIENTED_EDGE('',*,*,#614,.T.);
#614 = EDGE_CURVE('',#615,#617,#619,.T.);
#615 = VERTEX_POINT('',#616);
#616 = CARTESIAN_POINT('',(-1.228996127089E-15,-11.749759,2.623271));
#617 = VERTEX_POINT('',#618);
#618 = CARTESIAN_POINT('',(0.6,-11.749759,2.623271));
#619 = LINE('',#620,#621);
#620 = CARTESIAN_POINT('',(-1.228996127089E-15,-11.749759,2.623271));
#621 = VECTOR('',#622,1.);
#622 = DIRECTION('',(1.,-2.22044604925E-16,1.110223024625E-16));
#623 = ORIENTED_EDGE('',*,*,#624,.T.);
#624 = EDGE_CURVE('',#617,#625,#627,.T.);
#625 = VERTEX_POINT('',#626);
#626 = CARTESIAN_POINT('',(0.6,-11.149759,2.623271));
#627 = LINE('',#628,#629);
#628 = CARTESIAN_POINT('',(0.6,-11.749759,2.623271));
#629 = VECTOR('',#630,1.);
#630 = DIRECTION('',(-2.22044604925E-16,1.,-5.551115123126E-16));
#631 = ORIENTED_EDGE('',*,*,#632,.F.);
#632 = EDGE_CURVE('',#633,#625,#635,.T.);
#633 = VERTEX_POINT('',#634);
#634 = CARTESIAN_POINT('',(-1.228996127089E-15,-11.149759,2.623271));
#635 = LINE('',#636,#637);
#636 = CARTESIAN_POINT('',(-1.228996127089E-15,-11.149759,2.623271));
#637 = VECTOR('',#638,1.);
#638 = DIRECTION('',(1.,-2.22044604925E-16,1.110223024625E-16));
#639 = ORIENTED_EDGE('',*,*,#640,.F.);
#640 = EDGE_CURVE('',#615,#633,#641,.T.);
#641 = LINE('',#642,#643);
#642 = CARTESIAN_POINT('',(7.974912952235E-16,-11.749759,2.623271));
#643 = VECTOR('',#644,1.);
#644 = DIRECTION('',(-2.22044604925E-16,1.,-5.551115123126E-16));
#645 = PLANE('',#646);
#646 = AXIS2_PLACEMENT_3D('',#647,#648,#649);
#647 = CARTESIAN_POINT('',(-1.228996127089E-15,-11.749759,2.623271));
#648 = DIRECTION('',(-1.110223024625E-16,3.330669073875E-16,1.));
#649 = DIRECTION('',(2.465190328816E-32,1.,-3.330669073875E-16));
#650 = ADVANCED_FACE('',(#651),#676,.F.);
#651 = FACE_BOUND('',#652,.F.);
#652 = EDGE_LOOP('',(#653,#654,#662,#670));
#653 = ORIENTED_EDGE('',*,*,#632,.T.);
#654 = ORIENTED_EDGE('',*,*,#655,.T.);
#655 = EDGE_CURVE('',#625,#656,#658,.T.);
#656 = VERTEX_POINT('',#657);
#657 = CARTESIAN_POINT('',(0.6,-11.149759,12.623271));
#658 = LINE('',#659,#660);
#659 = CARTESIAN_POINT('',(0.6,-11.149759,2.623271));
#660 = VECTOR('',#661,1.);
#661 = DIRECTION('',(-5.551115123126E-16,-1.110223024625E-16,1.));
#662 = ORIENTED_EDGE('',*,*,#663,.F.);
#663 = EDGE_CURVE('',#664,#656,#666,.T.);
#664 = VERTEX_POINT('',#665);
#665 = CARTESIAN_POINT('',(-4.559665200965E-15,-11.149759,12.623271));
#666 = LINE('',#667,#668);
#667 = CARTESIAN_POINT('',(-4.559665200965E-15,-11.149759,12.623271));
#668 = VECTOR('',#669,1.);
#669 = DIRECTION('',(1.,-2.22044604925E-16,1.110223024625E-16));
#670 = ORIENTED_EDGE('',*,*,#671,.F.);
#671 = EDGE_CURVE('',#633,#664,#672,.T.);
#672 = LINE('',#673,#674);
#673 = CARTESIAN_POINT('',(6.642645322685E-16,-11.149759,2.623271));
#674 = VECTOR('',#675,1.);
#675 = DIRECTION('',(-5.551115123126E-16,-1.110223024625E-16,1.));
#676 = PLANE('',#677);
#677 = AXIS2_PLACEMENT_3D('',#678,#679,#680);
#678 = CARTESIAN_POINT('',(-1.228996127089E-15,-11.149759,2.623271));
#679 = DIRECTION('',(-2.22044604925E-16,-1.,1.110223024625E-16));
#680 = DIRECTION('',(-3.330669073875E-16,1.110223024625E-16,1.));
#681 = ADVANCED_FACE('',(#682),#707,.F.);
#682 = FACE_BOUND('',#683,.F.);
#683 = EDGE_LOOP('',(#684,#685,#693,#701));
#684 = ORIENTED_EDGE('',*,*,#663,.T.);
#685 = ORIENTED_EDGE('',*,*,#686,.T.);
#686 = EDGE_CURVE('',#656,#687,#689,.T.);
#687 = VERTEX_POINT('',#688);
#688 = CARTESIAN_POINT('',(0.6,-11.749759,12.623271));
#689 = LINE('',#690,#691);
#690 = CARTESIAN_POINT('',(0.6,-11.149759,12.623271));
#691 = VECTOR('',#692,1.);
#692 = DIRECTION('',(2.22044604925E-16,-1.,5.551115123126E-16));
#693 = ORIENTED_EDGE('',*,*,#694,.F.);
#694 = EDGE_CURVE('',#695,#687,#697,.T.);
#695 = VERTEX_POINT('',#696);
#696 = CARTESIAN_POINT('',(-4.559665200965E-15,-11.749759,12.623271));
#697 = LINE('',#698,#699);
#698 = CARTESIAN_POINT('',(-4.559665200965E-15,-11.749759,12.623271));
#699 = VECTOR('',#700,1.);
#700 = DIRECTION('',(1.,-2.22044604925E-16,1.110223024625E-16));
#701 = ORIENTED_EDGE('',*,*,#702,.F.);
#702 = EDGE_CURVE('',#664,#695,#703,.T.);
#703 = LINE('',#704,#705);
#704 = CARTESIAN_POINT('',(-4.886850590857E-15,-11.149759,12.623271));
#705 = VECTOR('',#706,1.);
#706 = DIRECTION('',(2.22044604925E-16,-1.,5.551115123126E-16));
#707 = PLANE('',#708);
#708 = AXIS2_PLACEMENT_3D('',#709,#710,#711);
#709 = CARTESIAN_POINT('',(-4.559665200965E-15,-11.149759,12.623271));
#710 = DIRECTION('',(1.110223024625E-16,-3.330669073875E-16,-1.));
#711 = DIRECTION('',(-2.465190328816E-32,-1.,3.330669073875E-16));
#712 = ADVANCED_FACE('',(#713),#729,.F.);
#713 = FACE_BOUND('',#714,.F.);
#714 = EDGE_LOOP('',(#715,#716,#722,#723));
#715 = ORIENTED_EDGE('',*,*,#694,.T.);
#716 = ORIENTED_EDGE('',*,*,#717,.T.);
#717 = EDGE_CURVE('',#687,#617,#718,.T.);
#718 = LINE('',#719,#720);
#719 = CARTESIAN_POINT('',(0.6,-11.749759,12.623271));
#720 = VECTOR('',#721,1.);
#721 = DIRECTION('',(5.551115123126E-16,1.110223024625E-16,-1.));
#722 = ORIENTED_EDGE('',*,*,#614,.F.);
#723 = ORIENTED_EDGE('',*,*,#724,.F.);
#724 = EDGE_CURVE('',#695,#615,#725,.T.);
#725 = LINE('',#726,#727);
#726 = CARTESIAN_POINT('',(-4.753623827902E-15,-11.749759,12.623271));
#727 = VECTOR('',#728,1.);
#728 = DIRECTION('',(5.551115123126E-16,1.110223024625E-16,-1.));
#729 = PLANE('',#730);
#730 = AXIS2_PLACEMENT_3D('',#731,#732,#733);
#731 = CARTESIAN_POINT('',(-4.559665200965E-15,-11.749759,12.623271));
#732 = DIRECTION('',(2.22044604925E-16,1.,-1.110223024625E-16));
#733 = DIRECTION('',(3.330669073875E-16,-1.110223024625E-16,-1.));
#734 = ADVANCED_FACE('',(#735),#741,.F.);
#735 = FACE_BOUND('',#736,.F.);
#736 = EDGE_LOOP('',(#737,#738,#739,#740));
#737 = ORIENTED_EDGE('',*,*,#640,.T.);
#738 = ORIENTED_EDGE('',*,*,#671,.T.);
#739 = ORIENTED_EDGE('',*,*,#702,.T.);
#740 = ORIENTED_EDGE('',*,*,#724,.T.);
#741 = PLANE('',#742);
#742 = AXIS2_PLACEMENT_3D('',#743,#744,#745);
#743 = CARTESIAN_POINT('',(-2.044679647817E-15,-11.449759,7.623271));
#744 = DIRECTION('',(1.,-4.440892098501E-16,-1.110223024625E-16));
#745 = DIRECTION('',(-5.551115123126E-16,-1.110223024625E-16,1.));
#746 = ADVANCED_FACE('',(#747),#753,.T.);
#747 = FACE_BOUND('',#748,.T.);
#748 = EDGE_LOOP('',(#749,#750,#751,#752));
#749 = ORIENTED_EDGE('',*,*,#624,.T.);
#750 = ORIENTED_EDGE('',*,*,#655,.T.);
#751 = ORIENTED_EDGE('',*,*,#686,.T.);
#752 = ORIENTED_EDGE('',*,*,#717,.T.);
#753 = PLANE('',#754);
#754 = AXIS2_PLACEMENT_3D('',#755,#756,#757);
#755 = CARTESIAN_POINT('',(0.6,-11.449759,7.623271));
#756 = DIRECTION('',(1.,-4.440892098501E-16,-1.110223024625E-16));
#757 = DIRECTION('',(-5.551115123126E-16,-1.110223024625E-16,1.));
#758 = ( GEOMETRIC_REPRESENTATION_CONTEXT(3) 
GLOBAL_UNCERTAINTY_ASSIGNED_CONTEXT((#762)) GLOBAL_UNIT_ASSIGNED_CONTEXT
((#759,#760,#761)) REPRESENTATION_CONTEXT('Context #1',
  '3D Context with UNIT and UNCERTAINTY') );
#759 = ( LENGTH_UNIT() NAMED_UNIT(*) SI_UNIT(.MILLI.,.METRE.) );
#760 = ( NAMED_UNIT(*) PLANE_ANGLE_UNIT() SI_UNIT($,.RADIAN.) );
#761 = ( NAMED_UNIT(*) SI_UNIT($,.STERADIAN.) SOLID_ANGLE_UNIT() );
#762 = UNCERTAINTY_MEASURE_WITH_UNIT(LENGTH_MEASURE(1.E-07),#759,
  'distance_accuracy_value','confusion accuracy');
#763 = CONTEXT_DEPENDENT_SHAPE_REPRESENTATION(#764,#766);
#764 = ( REPRESENTATION_RELATIONSHIP('','',#607,#10) 
REPRESENTATION_RELATIONSHIP_WITH_TRANSFORMATION(#765) 
SHAPE_REPRESENTATION_RELATIONSHIP() );
#765 = ITEM_DEFINED_TRANSFORMATION('','',#11,#27);
#766 = PRODUCT_DEFINITION_SHAPE('Placement','Placement of an item',#767
  );
#767 = NEXT_ASSEMBLY_USAGE_OCCURRENCE('13','Body003','',#5,#602,$);
#768 = PRODUCT_RELATED_PRODUCT_CATEGORY('part',$,(#604));
#769 = SHAPE_DEFINITION_REPRESENTATION(#770,#776);
#770 = PRODUCT_DEFINITION_SHAPE('','',#771);
#771 = PRODUCT_DEFINITION('design','',#772,#775);
#772 = PRODUCT_DEFINITION_FORMATION('','',#773);
#773 = PRODUCT('Body004','Body004','',(#774));
#774 = PRODUCT_CONTEXT('',#2,'mechanical');
#775 = PRODUCT_DEFINITION_CONTEXT('part definition',#2,'design');
#776 = ADVANCED_BREP_SHAPE_REPRESENTATION('',(#11,#777),#927);
#777 = MANIFOLD_SOLID_BREP('',#778);
#778 = CLOSED_SHELL('',(#779,#819,#850,#881,#903,#915));
#779 = ADVANCED_FACE('',(#780),#814,.F.);
#780 = FACE_BOUND('',#781,.F.);
#781 = EDGE_LOOP('',(#782,#792,#800,#808));
#782 = ORIENTED_EDGE('',*,*,#783,.T.);
#783 = EDGE_CURVE('',#784,#786,#788,.T.);
#784 = VERTEX_POINT('',#785);
#785 = CARTESIAN_POINT('',(-1.31781396906E-15,-11.749759,3.423271));
#786 = VERTEX_POINT('',#787);
#787 = CARTESIAN_POINT('',(0.6,-11.749759,3.423271));
#788 = LINE('',#789,#790);
#789 = CARTESIAN_POINT('',(-1.31781396906E-15,-11.749759,3.423271));
#790 = VECTOR('',#791,1.);
#791 = DIRECTION('',(1.,-2.22044604925E-16,1.110223024625E-16));
#792 = ORIENTED_EDGE('',*,*,#793,.T.);
#793 = EDGE_CURVE('',#786,#794,#796,.T.);
#794 = VERTEX_POINT('',#795);
#795 = CARTESIAN_POINT('',(0.6,-11.149759,3.423271));
#796 = LINE('',#797,#798);
#797 = CARTESIAN_POINT('',(0.6,-11.749759,3.423271));
#798 = VECTOR('',#799,1.);
#799 = DIRECTION('',(-2.22044604925E-16,1.,-5.551115123126E-16));
#800 = ORIENTED_EDGE('',*,*,#801,.F.);
#801 = EDGE_CURVE('',#802,#794,#804,.T.);
#802 = VERTEX_POINT('',#803);
#803 = CARTESIAN_POINT('',(-1.31781396906E-15,-11.149759,3.423271));
#804 = LINE('',#805,#806);
#805 = CARTESIAN_POINT('',(-1.31781396906E-15,-11.149759,3.423271));
#806 = VECTOR('',#807,1.);
#807 = DIRECTION('',(1.,-2.22044604925E-16,1.110223024625E-16));
#808 = ORIENTED_EDGE('',*,*,#809,.F.);
#809 = EDGE_CURVE('',#784,#802,#810,.T.);
#810 = LINE('',#811,#812);
#811 = CARTESIAN_POINT('',(5.310377693135E-16,-11.749759,3.423271));
#812 = VECTOR('',#813,1.);
#813 = DIRECTION('',(-2.22044604925E-16,1.,-5.551115123126E-16));
#814 = PLANE('',#815);
#815 = AXIS2_PLACEMENT_3D('',#816,#817,#818);
#816 = CARTESIAN_POINT('',(-1.31781396906E-15,-11.749759,3.423271));
#817 = DIRECTION('',(-1.110223024625E-16,3.330669073875E-16,1.));
#818 = DIRECTION('',(2.465190328816E-32,1.,-3.330669073875E-16));
#819 = ADVANCED_FACE('',(#820),#845,.F.);
#820 = FACE_BOUND('',#821,.F.);
#821 = EDGE_LOOP('',(#822,#823,#831,#839));
#822 = ORIENTED_EDGE('',*,*,#801,.T.);
#823 = ORIENTED_EDGE('',*,*,#824,.T.);
#824 = EDGE_CURVE('',#794,#825,#827,.T.);
#825 = VERTEX_POINT('',#826);
#826 = CARTESIAN_POINT('',(0.6,-11.149759,13.423271));
#827 = LINE('',#828,#829);
#828 = CARTESIAN_POINT('',(0.6,-11.149759,3.423271));
#829 = VECTOR('',#830,1.);
#830 = DIRECTION('',(-5.551115123126E-16,-1.110223024625E-16,1.));
#831 = ORIENTED_EDGE('',*,*,#832,.F.);
#832 = EDGE_CURVE('',#833,#825,#835,.T.);
#833 = VERTEX_POINT('',#834);
#834 = CARTESIAN_POINT('',(-4.648483042935E-15,-11.149759,13.423271));
#835 = LINE('',#836,#837);
#836 = CARTESIAN_POINT('',(-4.648483042935E-15,-11.149759,13.423271));
#837 = VECTOR('',#838,1.);
#838 = DIRECTION('',(1.,-2.22044604925E-16,1.110223024625E-16));
#839 = ORIENTED_EDGE('',*,*,#840,.F.);
#840 = EDGE_CURVE('',#802,#833,#841,.T.);
#841 = LINE('',#842,#843);
#842 = CARTESIAN_POINT('',(3.978110063585E-16,-11.149759,3.423271));
#843 = VECTOR('',#844,1.);
#844 = DIRECTION('',(-5.551115123126E-16,-1.110223024625E-16,1.));
#845 = PLANE('',#846);
#846 = AXIS2_PLACEMENT_3D('',#847,#848,#849);
#847 = CARTESIAN_POINT('',(-1.31781396906E-15,-11.149759,3.423271));
#848 = DIRECTION('',(-2.22044604925E-16,-1.,1.110223024625E-16));
#849 = DIRECTION('',(-3.330669073875E-16,1.110223024625E-16,1.));
#850 = ADVANCED_FACE('',(#851),#876,.F.);
#851 = FACE_BOUND('',#852,.F.);
#852 = EDGE_LOOP('',(#853,#854,#862,#870));
#853 = ORIENTED_EDGE('',*,*,#832,.T.);
#854 = ORIENTED_EDGE('',*,*,#855,.T.);
#855 = EDGE_CURVE('',#825,#856,#858,.T.);
#856 = VERTEX_POINT('',#857);
#857 = CARTESIAN_POINT('',(0.6,-11.749759,13.423271));
#858 = LINE('',#859,#860);
#859 = CARTESIAN_POINT('',(0.6,-11.149759,13.423271));
#860 = VECTOR('',#861,1.);
#861 = DIRECTION('',(2.22044604925E-16,-1.,5.551115123126E-16));
#862 = ORIENTED_EDGE('',*,*,#863,.F.);
#863 = EDGE_CURVE('',#864,#856,#866,.T.);
#864 = VERTEX_POINT('',#865);
#865 = CARTESIAN_POINT('',(-4.648483042935E-15,-11.749759,13.423271));
#866 = LINE('',#867,#868);
#867 = CARTESIAN_POINT('',(-4.648483042935E-15,-11.749759,13.423271));
#868 = VECTOR('',#869,1.);
#869 = DIRECTION('',(1.,-2.22044604925E-16,1.110223024625E-16));
#870 = ORIENTED_EDGE('',*,*,#871,.F.);
#871 = EDGE_CURVE('',#833,#864,#872,.T.);
#872 = LINE('',#873,#874);
#873 = CARTESIAN_POINT('',(-5.153304116767E-15,-11.149759,13.423271));
#874 = VECTOR('',#875,1.);
#875 = DIRECTION('',(2.22044604925E-16,-1.,5.551115123126E-16));
#876 = PLANE('',#877);
#877 = AXIS2_PLACEMENT_3D('',#878,#879,#880);
#878 = CARTESIAN_POINT('',(-4.648483042935E-15,-11.149759,13.423271));
#879 = DIRECTION('',(1.110223024625E-16,-3.330669073875E-16,-1.));
#880 = DIRECTION('',(-2.465190328816E-32,-1.,3.330669073875E-16));
#881 = ADVANCED_FACE('',(#882),#898,.F.);
#882 = FACE_BOUND('',#883,.F.);
#883 = EDGE_LOOP('',(#884,#885,#891,#892));
#884 = ORIENTED_EDGE('',*,*,#863,.T.);
#885 = ORIENTED_EDGE('',*,*,#886,.T.);
#886 = EDGE_CURVE('',#856,#786,#887,.T.);
#887 = LINE('',#888,#889);
#888 = CARTESIAN_POINT('',(0.6,-11.749759,13.423271));
#889 = VECTOR('',#890,1.);
#890 = DIRECTION('',(5.551115123126E-16,1.110223024625E-16,-1.));
#891 = ORIENTED_EDGE('',*,*,#783,.F.);
#892 = ORIENTED_EDGE('',*,*,#893,.F.);
#893 = EDGE_CURVE('',#864,#784,#894,.T.);
#894 = LINE('',#895,#896);
#895 = CARTESIAN_POINT('',(-5.020077353812E-15,-11.749759,13.423271));
#896 = VECTOR('',#897,1.);
#897 = DIRECTION('',(5.551115123126E-16,1.110223024625E-16,-1.));
#898 = PLANE('',#899);
#899 = AXIS2_PLACEMENT_3D('',#900,#901,#902);
#900 = CARTESIAN_POINT('',(-4.648483042935E-15,-11.749759,13.423271));
#901 = DIRECTION('',(2.22044604925E-16,1.,-1.110223024625E-16));
#902 = DIRECTION('',(3.330669073875E-16,-1.110223024625E-16,-1.));
#903 = ADVANCED_FACE('',(#904),#910,.F.);
#904 = FACE_BOUND('',#905,.F.);
#905 = EDGE_LOOP('',(#906,#907,#908,#909));
#906 = ORIENTED_EDGE('',*,*,#809,.T.);
#907 = ORIENTED_EDGE('',*,*,#840,.T.);
#908 = ORIENTED_EDGE('',*,*,#871,.T.);
#909 = ORIENTED_EDGE('',*,*,#893,.T.);
#910 = PLANE('',#911);
#911 = AXIS2_PLACEMENT_3D('',#912,#913,#914);
#912 = CARTESIAN_POINT('',(-2.311133173727E-15,-11.449759,8.423271));
#913 = DIRECTION('',(1.,-4.440892098501E-16,-1.110223024625E-16));
#914 = DIRECTION('',(-5.551115123126E-16,-1.110223024625E-16,1.));
#915 = ADVANCED_FACE('',(#916),#922,.T.);
#916 = FACE_BOUND('',#917,.T.);
#917 = EDGE_LOOP('',(#918,#919,#920,#921));
#918 = ORIENTED_EDGE('',*,*,#793,.T.);
#919 = ORIENTED_EDGE('',*,*,#824,.T.);
#920 = ORIENTED_EDGE('',*,*,#855,.T.);
#921 = ORIENTED_EDGE('',*,*,#886,.T.);
#922 = PLANE('',#923);
#923 = AXIS2_PLACEMENT_3D('',#924,#925,#926);
#924 = CARTESIAN_POINT('',(0.6,-11.449759,8.423271));
#925 = DIRECTION('',(1.,-4.440892098501E-16,-1.110223024625E-16));
#926 = DIRECTION('',(-5.551115123126E-16,-1.110223024625E-16,1.));
#927 = ( GEOMETRIC_REPRESENTATION_CONTEXT(3) 
GLOBAL_UNCERTAINTY_ASSIGNED_CONTEXT((#931)) GLOBAL_UNIT_ASSIGNED_CONTEXT
((#928,#929,#930)) REPRESENTATION_CONTEXT('Context #1',
  '3D Context with UNIT and UNCERTAINTY') );
#928 = ( LENGTH_UNIT() NAMED_UNIT(*) SI_UNIT(.MILLI.,.METRE.) );
#929 = ( NAMED_UNIT(*) PLANE_ANGLE_UNIT() SI_UNIT($,.RADIAN.) );
#930 = ( NAMED_UNIT(*) SI_UNIT($,.STERADIAN.) SOLID_ANGLE_UNIT() );
#931 = UNCERTAINTY_MEASURE_WITH_UNIT(LENGTH_MEASURE(1.E-07),#928,
  'distance_accuracy_value','confusion accuracy');
#932 = CONTEXT_DEPENDENT_SHAPE_REPRESENTATION(#933,#935);
#933 = ( REPRESENTATION_RELATIONSHIP('','',#776,#10) 
REPRESENTATION_RELATIONSHIP_WITH_TRANSFORMATION(#934) 
SHAPE_REPRESENTATION_RELATIONSHIP() );
#934 = ITEM_DEFINED_TRANSFORMATION('','',#11,#31);
#935 = PRODUCT_DEFINITION_SHAPE('Placement','Placement of an item',#936
  );
#936 = NEXT_ASSEMBLY_USAGE_OCCURRENCE('14','Body004','',#5,#771,$);
#937 = PRODUCT_RELATED_PRODUCT_CATEGORY('part',$,(#773));
#938 = SHAPE_DEFINITION_REPRESENTATION(#939,#945);
#939 = PRODUCT_DEFINITION_SHAPE('','',#940);
#940 = PRODUCT_DEFINITION('design','',#941,#944);
#941 = PRODUCT_DEFINITION_FORMATION('','',#942);
#942 = PRODUCT('Body005','Body005','',(#943));
#943 = PRODUCT_CONTEXT('',#2,'mechanical');
#944 = PRODUCT_DEFINITION_CONTEXT('part definition',#2,'design');
#945 = ADVANCED_BREP_SHAPE_REPRESENTATION('',(#11,#946),#1096);
#946 = MANIFOLD_SOLID_BREP('',#947);
#947 = CLOSED_SHELL('',(#948,#988,#1019,#1050,#1072,#1084));
#948 = ADVANCED_FACE('',(#949),#983,.F.);
#949 = FACE_BOUND('',#950,.F.);
#950 = EDGE_LOOP('',(#951,#961,#969,#977));
#951 = ORIENTED_EDGE('',*,*,#952,.T.);
#952 = EDGE_CURVE('',#953,#955,#957,.T.);
#953 = VERTEX_POINT('',#954);
#954 = CARTESIAN_POINT('',(-8.,-11.749759,2.623271));
#955 = VERTEX_POINT('',#956);
#956 = CARTESIAN_POINT('',(-7.4,-11.749759,2.623271));
#957 = LINE('',#958,#959);
#958 = CARTESIAN_POINT('',(-8.,-11.749759,2.623271));
#959 = VECTOR('',#960,1.);
#960 = DIRECTION('',(1.,-2.22044604925E-16,1.110223024625E-16));
#961 = ORIENTED_EDGE('',*,*,#962,.T.);
#962 = EDGE_CURVE('',#955,#963,#965,.T.);
#963 = VERTEX_POINT('',#964);
#964 = CARTESIAN_POINT('',(-7.4,-11.149759,2.623271));
#965 = LINE('',#966,#967);
#966 = CARTESIAN_POINT('',(-7.4,-11.749759,2.623271));
#967 = VECTOR('',#968,1.);
#968 = DIRECTION('',(-2.22044604925E-16,1.,-5.551115123126E-16));
#969 = ORIENTED_EDGE('',*,*,#970,.F.);
#970 = EDGE_CURVE('',#971,#963,#973,.T.);
#971 = VERTEX_POINT('',#972);
#972 = CARTESIAN_POINT('',(-8.,-11.149759,2.623271));
#973 = LINE('',#974,#975);
#974 = CARTESIAN_POINT('',(-8.,-11.149759,2.623271));
#975 = VECTOR('',#976,1.);
#976 = DIRECTION('',(1.,-2.22044604925E-16,1.110223024625E-16));
#977 = ORIENTED_EDGE('',*,*,#978,.F.);
#978 = EDGE_CURVE('',#953,#971,#979,.T.);
#979 = LINE('',#980,#981);
#980 = CARTESIAN_POINT('',(-8.,-11.749759,2.623271));
#981 = VECTOR('',#982,1.);
#982 = DIRECTION('',(-2.22044604925E-16,1.,-5.551115123126E-16));
#983 = PLANE('',#984);
#984 = AXIS2_PLACEMENT_3D('',#985,#986,#987);
#985 = CARTESIAN_POINT('',(-8.,-11.749759,2.623271));
#986 = DIRECTION('',(-1.110223024625E-16,3.330669073875E-16,1.));
#987 = DIRECTION('',(2.465190328816E-32,1.,-3.330669073875E-16));
#988 = ADVANCED_FACE('',(#989),#1014,.F.);
#989 = FACE_BOUND('',#990,.F.);
#990 = EDGE_LOOP('',(#991,#992,#1000,#1008));
#991 = ORIENTED_EDGE('',*,*,#970,.T.);
#992 = ORIENTED_EDGE('',*,*,#993,.T.);
#993 = EDGE_CURVE('',#963,#994,#996,.T.);
#994 = VERTEX_POINT('',#995);
#995 = CARTESIAN_POINT('',(-7.4,-11.149759,12.623271));
#996 = LINE('',#997,#998);
#997 = CARTESIAN_POINT('',(-7.4,-11.149759,2.623271));
#998 = VECTOR('',#999,1.);
#999 = DIRECTION('',(-5.551115123126E-16,-1.110223024625E-16,1.));
#1000 = ORIENTED_EDGE('',*,*,#1001,.F.);
#1001 = EDGE_CURVE('',#1002,#994,#1004,.T.);
#1002 = VERTEX_POINT('',#1003);
#1003 = CARTESIAN_POINT('',(-8.,-11.149759,12.623271));
#1004 = LINE('',#1005,#1006);
#1005 = CARTESIAN_POINT('',(-8.,-11.149759,12.623271));
#1006 = VECTOR('',#1007,1.);
#1007 = DIRECTION('',(1.,-2.22044604925E-16,1.110223024625E-16));
#1008 = ORIENTED_EDGE('',*,*,#1009,.F.);
#1009 = EDGE_CURVE('',#971,#1002,#1010,.T.);
#1010 = LINE('',#1011,#1012);
#1011 = CARTESIAN_POINT('',(-8.,-11.149759,2.623271));
#1012 = VECTOR('',#1013,1.);
#1013 = DIRECTION('',(-5.551115123126E-16,-1.110223024625E-16,1.));
#1014 = PLANE('',#1015);
#1015 = AXIS2_PLACEMENT_3D('',#1016,#1017,#1018);
#1016 = CARTESIAN_POINT('',(-8.,-11.149759,2.623271));
#1017 = DIRECTION('',(-2.22044604925E-16,-1.,1.110223024625E-16));
#1018 = DIRECTION('',(-3.330669073875E-16,1.110223024625E-16,1.));
#1019 = ADVANCED_FACE('',(#1020),#1045,.F.);
#1020 = FACE_BOUND('',#1021,.F.);
#1021 = EDGE_LOOP('',(#1022,#1023,#1031,#1039));
#1022 = ORIENTED_EDGE('',*,*,#1001,.T.);
#1023 = ORIENTED_EDGE('',*,*,#1024,.T.);
#1024 = EDGE_CURVE('',#994,#1025,#1027,.T.);
#1025 = VERTEX_POINT('',#1026);
#1026 = CARTESIAN_POINT('',(-7.4,-11.749759,12.623271));
#1027 = LINE('',#1028,#1029);
#1028 = CARTESIAN_POINT('',(-7.4,-11.149759,12.623271));
#1029 = VECTOR('',#1030,1.);
#1030 = DIRECTION('',(2.22044604925E-16,-1.,5.551115123126E-16));
#1031 = ORIENTED_EDGE('',*,*,#1032,.F.);
#1032 = EDGE_CURVE('',#1033,#1025,#1035,.T.);
#1033 = VERTEX_POINT('',#1034);
#1034 = CARTESIAN_POINT('',(-8.,-11.749759,12.623271));
#1035 = LINE('',#1036,#1037);
#1036 = CARTESIAN_POINT('',(-8.,-11.749759,12.623271));
#1037 = VECTOR('',#1038,1.);
#1038 = DIRECTION('',(1.,-2.22044604925E-16,1.110223024625E-16));
#1039 = ORIENTED_EDGE('',*,*,#1040,.F.);
#1040 = EDGE_CURVE('',#1002,#1033,#1041,.T.);
#1041 = LINE('',#1042,#1043);
#1042 = CARTESIAN_POINT('',(-8.,-11.149759,12.623271));
#1043 = VECTOR('',#1044,1.);
#1044 = DIRECTION('',(2.22044604925E-16,-1.,5.551115123126E-16));
#1045 = PLANE('',#1046);
#1046 = AXIS2_PLACEMENT_3D('',#1047,#1048,#1049);
#1047 = CARTESIAN_POINT('',(-8.,-11.149759,12.623271));
#1048 = DIRECTION('',(1.110223024625E-16,-3.330669073875E-16,-1.));
#1049 = DIRECTION('',(-2.465190328816E-32,-1.,3.330669073875E-16));
#1050 = ADVANCED_FACE('',(#1051),#1067,.F.);
#1051 = FACE_BOUND('',#1052,.F.);
#1052 = EDGE_LOOP('',(#1053,#1054,#1060,#1061));
#1053 = ORIENTED_EDGE('',*,*,#1032,.T.);
#1054 = ORIENTED_EDGE('',*,*,#1055,.T.);
#1055 = EDGE_CURVE('',#1025,#955,#1056,.T.);
#1056 = LINE('',#1057,#1058);
#1057 = CARTESIAN_POINT('',(-7.4,-11.749759,12.623271));
#1058 = VECTOR('',#1059,1.);
#1059 = DIRECTION('',(5.551115123126E-16,1.110223024625E-16,-1.));
#1060 = ORIENTED_EDGE('',*,*,#952,.F.);
#1061 = ORIENTED_EDGE('',*,*,#1062,.F.);
#1062 = EDGE_CURVE('',#1033,#953,#1063,.T.);
#1063 = LINE('',#1064,#1065);
#1064 = CARTESIAN_POINT('',(-8.,-11.749759,12.623271));
#1065 = VECTOR('',#1066,1.);
#1066 = DIRECTION('',(5.551115123126E-16,1.110223024625E-16,-1.));
#1067 = PLANE('',#1068);
#1068 = AXIS2_PLACEMENT_3D('',#1069,#1070,#1071);
#1069 = CARTESIAN_POINT('',(-8.,-11.749759,12.623271));
#1070 = DIRECTION('',(2.22044604925E-16,1.,-1.110223024625E-16));
#1071 = DIRECTION('',(3.330669073875E-16,-1.110223024625E-16,-1.));
#1072 = ADVANCED_FACE('',(#1073),#1079,.F.);
#1073 = FACE_BOUND('',#1074,.F.);
#1074 = EDGE_LOOP('',(#1075,#1076,#1077,#1078));
#1075 = ORIENTED_EDGE('',*,*,#978,.T.);
#1076 = ORIENTED_EDGE('',*,*,#1009,.T.);
#1077 = ORIENTED_EDGE('',*,*,#1040,.T.);
#1078 = ORIENTED_EDGE('',*,*,#1062,.T.);
#1079 = PLANE('',#1080);
#1080 = AXIS2_PLACEMENT_3D('',#1081,#1082,#1083);
#1081 = CARTESIAN_POINT('',(-8.,-11.449759,7.623271));
#1082 = DIRECTION('',(1.,-4.440892098501E-16,-1.110223024625E-16));
#1083 = DIRECTION('',(-5.551115123126E-16,-1.110223024625E-16,1.));
#1084 = ADVANCED_FACE('',(#1085),#1091,.T.);
#1085 = FACE_BOUND('',#1086,.T.);
#1086 = EDGE_LOOP('',(#1087,#1088,#1089,#1090));
#1087 = ORIENTED_EDGE('',*,*,#962,.T.);
#1088 = ORIENTED_EDGE('',*,*,#993,.T.);
#1089 = ORIENTED_EDGE('',*,*,#1024,.T.);
#1090 = ORIENTED_EDGE('',*,*,#1055,.T.);
#1091 = PLANE('',#1092);
#1092 = AXIS2_PLACEMENT_3D('',#1093,#1094,#1095);
#1093 = CARTESIAN_POINT('',(-7.4,-11.449759,7.623271));
#1094 = DIRECTION('',(1.,-4.440892098501E-16,-1.110223024625E-16));
#1095 = DIRECTION('',(-5.551115123126E-16,-1.110223024625E-16,1.));
#1096 = ( GEOMETRIC_REPRESENTATION_CONTEXT(3) 
GLOBAL_UNCERTAINTY_ASSIGNED_CONTEXT((#1100)) 
GLOBAL_UNIT_ASSIGNED_CONTEXT((#1097,#1098,#1099)) REPRESENTATION_CONTEXT
('Context #1','3D Context with UNIT and UNCERTAINTY') );
#1097 = ( LENGTH_UNIT() NAMED_UNIT(*) SI_UNIT(.MILLI.,.METRE.) );
#1098 = ( NAMED_UNIT(*) PLANE_ANGLE_UNIT() SI_UNIT($,.RADIAN.) );
#1099 = ( NAMED_UNIT(*) SI_UNIT($,.STERADIAN.) SOLID_ANGLE_UNIT() );
#1100 = UNCERTAINTY_MEASURE_WITH_UNIT(LENGTH_MEASURE(1.E-07),#1097,
  'distance_accuracy_value','confusion accuracy');
#1101 = CONTEXT_DEPENDENT_SHAPE_REPRESENTATION(#1102,#1104);
#1102 = ( REPRESENTATION_RELATIONSHIP('','',#945,#10) 
REPRESENTATION_RELATIONSHIP_WITH_TRANSFORMATION(#1103) 
SHAPE_REPRESENTATION_RELATIONSHIP() );
#1103 = ITEM_DEFINED_TRANSFORMATION('','',#11,#35);
#1104 = PRODUCT_DEFINITION_SHAPE('Placement','Placement of an item',
  #1105);
#1105 = NEXT_ASSEMBLY_USAGE_OCCURRENCE('15','Body005','',#5,#940,$);
#1106 = PRODUCT_RELATED_PRODUCT_CATEGORY('part',$,(#942));
#1107 = SHAPE_DEFINITION_REPRESENTATION(#1108,#1114);
#1108 = PRODUCT_DEFINITION_SHAPE('','',#1109);
#1109 = PRODUCT_DEFINITION('design','',#1110,#1113);
#1110 = PRODUCT_DEFINITION_FORMATION('','',#1111);
#1111 = PRODUCT('Body006','Body006','',(#1112));
#1112 = PRODUCT_CONTEXT('',#2,'mechanical');
#1113 = PRODUCT_DEFINITION_CONTEXT('part definition',#2,'design');
#1114 = ADVANCED_BREP_SHAPE_REPRESENTATION('',(#11,#1115),#1265);
#1115 = MANIFOLD_SOLID_BREP('',#1116);
#1116 = CLOSED_SHELL('',(#1117,#1157,#1188,#1219,#1241,#1253));
#1117 = ADVANCED_FACE('',(#1118),#1152,.F.);
#1118 = FACE_BOUND('',#1119,.F.);
#1119 = EDGE_LOOP('',(#1120,#1130,#1138,#1146));
#1120 = ORIENTED_EDGE('',*,*,#1121,.T.);
#1121 = EDGE_CURVE('',#1122,#1124,#1126,.T.);
#1122 = VERTEX_POINT('',#1123);
#1123 = CARTESIAN_POINT('',(-1.228996127089E-15,-11.749759,2.623271));
#1124 = VERTEX_POINT('',#1125);
#1125 = CARTESIAN_POINT('',(0.6,-11.749759,2.623271));
#1126 = LINE('',#1127,#1128);
#1127 = CARTESIAN_POINT('',(-1.228996127089E-15,-11.749759,2.623271));
#1128 = VECTOR('',#1129,1.);
#1129 = DIRECTION('',(1.,-2.22044604925E-16,1.110223024625E-16));
#1130 = ORIENTED_EDGE('',*,*,#1131,.T.);
#1131 = EDGE_CURVE('',#1124,#1132,#1134,.T.);
#1132 = VERTEX_POINT('',#1133);
#1133 = CARTESIAN_POINT('',(0.6,-11.149759,2.623271));
#1134 = LINE('',#1135,#1136);
#1135 = CARTESIAN_POINT('',(0.6,-11.749759,2.623271));
#1136 = VECTOR('',#1137,1.);
#1137 = DIRECTION('',(-2.22044604925E-16,1.,-5.551115123126E-16));
#1138 = ORIENTED_EDGE('',*,*,#1139,.F.);
#1139 = EDGE_CURVE('',#1140,#1132,#1142,.T.);
#1140 = VERTEX_POINT('',#1141);
#1141 = CARTESIAN_POINT('',(-1.228996127089E-15,-11.149759,2.623271));
#1142 = LINE('',#1143,#1144);
#1143 = CARTESIAN_POINT('',(-1.228996127089E-15,-11.149759,2.623271));
#1144 = VECTOR('',#1145,1.);
#1145 = DIRECTION('',(1.,-2.22044604925E-16,1.110223024625E-16));
#1146 = ORIENTED_EDGE('',*,*,#1147,.F.);
#1147 = EDGE_CURVE('',#1122,#1140,#1148,.T.);
#1148 = LINE('',#1149,#1150);
#1149 = CARTESIAN_POINT('',(7.974912952235E-16,-11.749759,2.623271));
#1150 = VECTOR('',#1151,1.);
#1151 = DIRECTION('',(-2.22044604925E-16,1.,-5.551115123126E-16));
#1152 = PLANE('',#1153);
#1153 = AXIS2_PLACEMENT_3D('',#1154,#1155,#1156);
#1154 = CARTESIAN_POINT('',(-1.228996127089E-15,-11.749759,2.623271));
#1155 = DIRECTION('',(-1.110223024625E-16,3.330669073875E-16,1.));
#1156 = DIRECTION('',(2.465190328816E-32,1.,-3.330669073875E-16));
#1157 = ADVANCED_FACE('',(#1158),#1183,.F.);
#1158 = FACE_BOUND('',#1159,.F.);
#1159 = EDGE_LOOP('',(#1160,#1161,#1169,#1177));
#1160 = ORIENTED_EDGE('',*,*,#1139,.T.);
#1161 = ORIENTED_EDGE('',*,*,#1162,.T.);
#1162 = EDGE_CURVE('',#1132,#1163,#1165,.T.);
#1163 = VERTEX_POINT('',#1164);
#1164 = CARTESIAN_POINT('',(0.6,-11.149759,12.623271));
#1165 = LINE('',#1166,#1167);
#1166 = CARTESIAN_POINT('',(0.6,-11.149759,2.623271));
#1167 = VECTOR('',#1168,1.);
#1168 = DIRECTION('',(-5.551115123126E-16,-1.110223024625E-16,1.));
#1169 = ORIENTED_EDGE('',*,*,#1170,.F.);
#1170 = EDGE_CURVE('',#1171,#1163,#1173,.T.);
#1171 = VERTEX_POINT('',#1172);
#1172 = CARTESIAN_POINT('',(-4.559665200965E-15,-11.149759,12.623271));
#1173 = LINE('',#1174,#1175);
#1174 = CARTESIAN_POINT('',(-4.559665200965E-15,-11.149759,12.623271));
#1175 = VECTOR('',#1176,1.);
#1176 = DIRECTION('',(1.,-2.22044604925E-16,1.110223024625E-16));
#1177 = ORIENTED_EDGE('',*,*,#1178,.F.);
#1178 = EDGE_CURVE('',#1140,#1171,#1179,.T.);
#1179 = LINE('',#1180,#1181);
#1180 = CARTESIAN_POINT('',(6.642645322685E-16,-11.149759,2.623271));
#1181 = VECTOR('',#1182,1.);
#1182 = DIRECTION('',(-5.551115123126E-16,-1.110223024625E-16,1.));
#1183 = PLANE('',#1184);
#1184 = AXIS2_PLACEMENT_3D('',#1185,#1186,#1187);
#1185 = CARTESIAN_POINT('',(-1.228996127089E-15,-11.149759,2.623271));
#1186 = DIRECTION('',(-2.22044604925E-16,-1.,1.110223024625E-16));
#1187 = DIRECTION('',(-3.330669073875E-16,1.110223024625E-16,1.));
#1188 = ADVANCED_FACE('',(#1189),#1214,.F.);
#1189 = FACE_BOUND('',#1190,.F.);
#1190 = EDGE_LOOP('',(#1191,#1192,#1200,#1208));
#1191 = ORIENTED_EDGE('',*,*,#1170,.T.);
#1192 = ORIENTED_EDGE('',*,*,#1193,.T.);
#1193 = EDGE_CURVE('',#1163,#1194,#1196,.T.);
#1194 = VERTEX_POINT('',#1195);
#1195 = CARTESIAN_POINT('',(0.6,-11.749759,12.623271));
#1196 = LINE('',#1197,#1198);
#1197 = CARTESIAN_POINT('',(0.6,-11.149759,12.623271));
#1198 = VECTOR('',#1199,1.);
#1199 = DIRECTION('',(2.22044604925E-16,-1.,5.551115123126E-16));
#1200 = ORIENTED_EDGE('',*,*,#1201,.F.);
#1201 = EDGE_CURVE('',#1202,#1194,#1204,.T.);
#1202 = VERTEX_POINT('',#1203);
#1203 = CARTESIAN_POINT('',(-4.559665200965E-15,-11.749759,12.623271));
#1204 = LINE('',#1205,#1206);
#1205 = CARTESIAN_POINT('',(-4.559665200965E-15,-11.749759,12.623271));
#1206 = VECTOR('',#1207,1.);
#1207 = DIRECTION('',(1.,-2.22044604925E-16,1.110223024625E-16));
#1208 = ORIENTED_EDGE('',*,*,#1209,.F.);
#1209 = EDGE_CURVE('',#1171,#1202,#1210,.T.);
#1210 = LINE('',#1211,#1212);
#1211 = CARTESIAN_POINT('',(-4.886850590857E-15,-11.149759,12.623271));
#1212 = VECTOR('',#1213,1.);
#1213 = DIRECTION('',(2.22044604925E-16,-1.,5.551115123126E-16));
#1214 = PLANE('',#1215);
#1215 = AXIS2_PLACEMENT_3D('',#1216,#1217,#1218);
#1216 = CARTESIAN_POINT('',(-4.559665200965E-15,-11.149759,12.623271));
#1217 = DIRECTION('',(1.110223024625E-16,-3.330669073875E-16,-1.));
#1218 = DIRECTION('',(-2.465190328816E-32,-1.,3.330669073875E-16));
#1219 = ADVANCED_FACE('',(#1220),#1236,.F.);
#1220 = FACE_BOUND('',#1221,.F.);
#1221 = EDGE_LOOP('',(#1222,#1223,#1229,#1230));
#1222 = ORIENTED_EDGE('',*,*,#1201,.T.);
#1223 = ORIENTED_EDGE('',*,*,#1224,.T.);
#1224 = EDGE_CURVE('',#1194,#1124,#1225,.T.);
#1225 = LINE('',#1226,#1227);
#1226 = CARTESIAN_POINT('',(0.6,-11.749759,12.623271));
#1227 = VECTOR('',#1228,1.);
#1228 = DIRECTION('',(5.551115123126E-16,1.110223024625E-16,-1.));
#1229 = ORIENTED_EDGE('',*,*,#1121,.F.);
#1230 = ORIENTED_EDGE('',*,*,#1231,.F.);
#1231 = EDGE_CURVE('',#1202,#1122,#1232,.T.);
#1232 = LINE('',#1233,#1234);
#1233 = CARTESIAN_POINT('',(-4.753623827902E-15,-11.749759,12.623271));
#1234 = VECTOR('',#1235,1.);
#1235 = DIRECTION('',(5.551115123126E-16,1.110223024625E-16,-1.));
#1236 = PLANE('',#1237);
#1237 = AXIS2_PLACEMENT_3D('',#1238,#1239,#1240);
#1238 = CARTESIAN_POINT('',(-4.559665200965E-15,-11.749759,12.623271));
#1239 = DIRECTION('',(2.22044604925E-16,1.,-1.110223024625E-16));
#1240 = DIRECTION('',(3.330669073875E-16,-1.110223024625E-16,-1.));
#1241 = ADVANCED_FACE('',(#1242),#1248,.F.);
#1242 = FACE_BOUND('',#1243,.F.);
#1243 = EDGE_LOOP('',(#1244,#1245,#1246,#1247));
#1244 = ORIENTED_EDGE('',*,*,#1147,.T.);
#1245 = ORIENTED_EDGE('',*,*,#1178,.T.);
#1246 = ORIENTED_EDGE('',*,*,#1209,.T.);
#1247 = ORIENTED_EDGE('',*,*,#1231,.T.);
#1248 = PLANE('',#1249);
#1249 = AXIS2_PLACEMENT_3D('',#1250,#1251,#1252);
#1250 = CARTESIAN_POINT('',(-2.044679647817E-15,-11.449759,7.623271));
#1251 = DIRECTION('',(1.,-4.440892098501E-16,-1.110223024625E-16));
#1252 = DIRECTION('',(-5.551115123126E-16,-1.110223024625E-16,1.));
#1253 = ADVANCED_FACE('',(#1254),#1260,.T.);
#1254 = FACE_BOUND('',#1255,.T.);
#1255 = EDGE_LOOP('',(#1256,#1257,#1258,#1259));
#1256 = ORIENTED_EDGE('',*,*,#1131,.T.);
#1257 = ORIENTED_EDGE('',*,*,#1162,.T.);
#1258 = ORIENTED_EDGE('',*,*,#1193,.T.);
#1259 = ORIENTED_EDGE('',*,*,#1224,.T.);
#1260 = PLANE('',#1261);
#1261 = AXIS2_PLACEMENT_3D('',#1262,#1263,#1264);
#1262 = CARTESIAN_POINT('',(0.6,-11.449759,7.623271));
#1263 = DIRECTION('',(1.,-4.440892098501E-16,-1.110223024625E-16));
#1264 = DIRECTION('',(-5.551115123126E-16,-1.110223024625E-16,1.));
#1265 = ( GEOMETRIC_REPRESENTATION_CONTEXT(3) 
GLOBAL_UNCERTAINTY_ASSIGNED_CONTEXT((#1269)) 
GLOBAL_UNIT_ASSIGNED_CONTEXT((#1266,#1267,#1268)) REPRESENTATION_CONTEXT
('Context #1','3D Context with UNIT and UNCERTAINTY') );
#1266 = ( LENGTH_UNIT() NAMED_UNIT(*) SI_UNIT(.MILLI.,.METRE.) );
#1267 = ( NAMED_UNIT(*) PLANE_ANGLE_UNIT() SI_UNIT($,.RADIAN.) );
#1268 = ( NAMED_UNIT(*) SI_UNIT($,.STERADIAN.) SOLID_ANGLE_UNIT() );
#1269 = UNCERTAINTY_MEASURE_WITH_UNIT(LENGTH_MEASURE(1.E-07),#1266,
  'distance_accuracy_value','confusion accuracy');
#1270 = CONTEXT_DEPENDENT_SHAPE_REPRESENTATION(#1271,#1273);
#1271 = ( REPRESENTATION_RELATIONSHIP('','',#1114,#10) 
REPRESENTATION_RELATIONSHIP_WITH_TRANSFORMATION(#1272) 
SHAPE_REPRESENTATION_RELATIONSHIP() );
#1272 = ITEM_DEFINED_TRANSFORMATION('','',#11,#39);
#1273 = PRODUCT_DEFINITION_SHAPE('Placement','Placement of an item',
  #1274);
#1274 = NEXT_ASSEMBLY_USAGE_OCCURRENCE('16','Body006','',#5,#1109,$);
#1275 = PRODUCT_RELATED_PRODUCT_CATEGORY('part',$,(#1111));
#1276 = SHAPE_DEFINITION_REPRESENTATION(#1277,#1283);
#1277 = PRODUCT_DEFINITION_SHAPE('','',#1278);
#1278 = PRODUCT_DEFINITION('design','',#1279,#1282);
#1279 = PRODUCT_DEFINITION_FORMATION('','',#1280);
#1280 = PRODUCT('Body007','Body007','',(#1281));
#1281 = PRODUCT_CONTEXT('',#2,'mechanical');
#1282 = PRODUCT_DEFINITION_CONTEXT('part definition',#2,'design');
#1283 = ADVANCED_BREP_SHAPE_REPRESENTATION('',(#11,#1284),#1434);
#1284 = MANIFOLD_SOLID_BREP('',#1285);
#1285 = CLOSED_SHELL('',(#1286,#1326,#1357,#1388,#1410,#1422));
#1286 = ADVANCED_FACE('',(#1287),#1321,.F.);
#1287 = FACE_BOUND('',#1288,.F.);
#1288 = EDGE_LOOP('',(#1289,#1299,#1307,#1315));
#1289 = ORIENTED_EDGE('',*,*,#1290,.T.);
#1290 = EDGE_CURVE('',#1291,#1293,#1295,.T.);
#1291 = VERTEX_POINT('',#1292);
#1292 = CARTESIAN_POINT('',(-8.,-11.749759,2.623271));
#1293 = VERTEX_POINT('',#1294);
#1294 = CARTESIAN_POINT('',(-7.4,-11.749759,2.623271));
#1295 = LINE('',#1296,#1297);
#1296 = CARTESIAN_POINT('',(-8.,-11.749759,2.623271));
#1297 = VECTOR('',#1298,1.);
#1298 = DIRECTION('',(1.,-2.22044604925E-16,1.110223024625E-16));
#1299 = ORIENTED_EDGE('',*,*,#1300,.T.);
#1300 = EDGE_CURVE('',#1293,#1301,#1303,.T.);
#1301 = VERTEX_POINT('',#1302);
#1302 = CARTESIAN_POINT('',(-7.4,-11.149759,2.623271));
#1303 = LINE('',#1304,#1305);
#1304 = CARTESIAN_POINT('',(-7.4,-11.749759,2.623271));
#1305 = VECTOR('',#1306,1.);
#1306 = DIRECTION('',(-2.22044604925E-16,1.,-5.551115123126E-16));
#1307 = ORIENTED_EDGE('',*,*,#1308,.F.);
#1308 = EDGE_CURVE('',#1309,#1301,#1311,.T.);
#1309 = VERTEX_POINT('',#1310);
#1310 = CARTESIAN_POINT('',(-8.,-11.149759,2.623271));
#1311 = LINE('',#1312,#1313);
#1312 = CARTESIAN_POINT('',(-8.,-11.149759,2.623271));
#1313 = VECTOR('',#1314,1.);
#1314 = DIRECTION('',(1.,-2.22044604925E-16,1.110223024625E-16));
#1315 = ORIENTED_EDGE('',*,*,#1316,.F.);
#1316 = EDGE_CURVE('',#1291,#1309,#1317,.T.);
#1317 = LINE('',#1318,#1319);
#1318 = CARTESIAN_POINT('',(-8.,-11.749759,2.623271));
#1319 = VECTOR('',#1320,1.);
#1320 = DIRECTION('',(-2.22044604925E-16,1.,-5.551115123126E-16));
#1321 = PLANE('',#1322);
#1322 = AXIS2_PLACEMENT_3D('',#1323,#1324,#1325);
#1323 = CARTESIAN_POINT('',(-8.,-11.749759,2.623271));
#1324 = DIRECTION('',(-1.110223024625E-16,3.330669073875E-16,1.));
#1325 = DIRECTION('',(2.465190328816E-32,1.,-3.330669073875E-16));
#1326 = ADVANCED_FACE('',(#1327),#1352,.F.);
#1327 = FACE_BOUND('',#1328,.F.);
#1328 = EDGE_LOOP('',(#1329,#1330,#1338,#1346));
#1329 = ORIENTED_EDGE('',*,*,#1308,.T.);
#1330 = ORIENTED_EDGE('',*,*,#1331,.T.);
#1331 = EDGE_CURVE('',#1301,#1332,#1334,.T.);
#1332 = VERTEX_POINT('',#1333);
#1333 = CARTESIAN_POINT('',(-7.4,-11.149759,12.623271));
#1334 = LINE('',#1335,#1336);
#1335 = CARTESIAN_POINT('',(-7.4,-11.149759,2.623271));
#1336 = VECTOR('',#1337,1.);
#1337 = DIRECTION('',(-5.551115123126E-16,-1.110223024625E-16,1.));
#1338 = ORIENTED_EDGE('',*,*,#1339,.F.);
#1339 = EDGE_CURVE('',#1340,#1332,#1342,.T.);
#1340 = VERTEX_POINT('',#1341);
#1341 = CARTESIAN_POINT('',(-8.,-11.149759,12.623271));
#1342 = LINE('',#1343,#1344);
#1343 = CARTESIAN_POINT('',(-8.,-11.149759,12.623271));
#1344 = VECTOR('',#1345,1.);
#1345 = DIRECTION('',(1.,-2.22044604925E-16,1.110223024625E-16));
#1346 = ORIENTED_EDGE('',*,*,#1347,.F.);
#1347 = EDGE_CURVE('',#1309,#1340,#1348,.T.);
#1348 = LINE('',#1349,#1350);
#1349 = CARTESIAN_POINT('',(-8.,-11.149759,2.623271));
#1350 = VECTOR('',#1351,1.);
#1351 = DIRECTION('',(-5.551115123126E-16,-1.110223024625E-16,1.));
#1352 = PLANE('',#1353);
#1353 = AXIS2_PLACEMENT_3D('',#1354,#1355,#1356);
#1354 = CARTESIAN_POINT('',(-8.,-11.149759,2.623271));
#1355 = DIRECTION('',(-2.22044604925E-16,-1.,1.110223024625E-16));
#1356 = DIRECTION('',(-3.330669073875E-16,1.110223024625E-16,1.));
#1357 = ADVANCED_FACE('',(#1358),#1383,.F.);
#1358 = FACE_BOUND('',#1359,.F.);
#1359 = EDGE_LOOP('',(#1360,#1361,#1369,#1377));
#1360 = ORIENTED_EDGE('',*,*,#1339,.T.);
#1361 = ORIENTED_EDGE('',*,*,#1362,.T.);
#1362 = EDGE_CURVE('',#1332,#1363,#1365,.T.);
#1363 = VERTEX_POINT('',#1364);
#1364 = CARTESIAN_POINT('',(-7.4,-11.749759,12.623271));
#1365 = LINE('',#1366,#1367);
#1366 = CARTESIAN_POINT('',(-7.4,-11.149759,12.623271));
#1367 = VECTOR('',#1368,1.);
#1368 = DIRECTION('',(2.22044604925E-16,-1.,5.551115123126E-16));
#1369 = ORIENTED_EDGE('',*,*,#1370,.F.);
#1370 = EDGE_CURVE('',#1371,#1363,#1373,.T.);
#1371 = VERTEX_POINT('',#1372);
#1372 = CARTESIAN_POINT('',(-8.,-11.749759,12.623271));
#1373 = LINE('',#1374,#1375);
#1374 = CARTESIAN_POINT('',(-8.,-11.749759,12.623271));
#1375 = VECTOR('',#1376,1.);
#1376 = DIRECTION('',(1.,-2.22044604925E-16,1.110223024625E-16));
#1377 = ORIENTED_EDGE('',*,*,#1378,.F.);
#1378 = EDGE_CURVE('',#1340,#1371,#1379,.T.);
#1379 = LINE('',#1380,#1381);
#1380 = CARTESIAN_POINT('',(-8.,-11.149759,12.623271));
#1381 = VECTOR('',#1382,1.);
#1382 = DIRECTION('',(2.22044604925E-16,-1.,5.551115123126E-16));
#1383 = PLANE('',#1384);
#1384 = AXIS2_PLACEMENT_3D('',#1385,#1386,#1387);
#1385 = CARTESIAN_POINT('',(-8.,-11.149759,12.623271));
#1386 = DIRECTION('',(1.110223024625E-16,-3.330669073875E-16,-1.));
#1387 = DIRECTION('',(-2.465190328816E-32,-1.,3.330669073875E-16));
#1388 = ADVANCED_FACE('',(#1389),#1405,.F.);
#1389 = FACE_BOUND('',#1390,.F.);
#1390 = EDGE_LOOP('',(#1391,#1392,#1398,#1399));
#1391 = ORIENTED_EDGE('',*,*,#1370,.T.);
#1392 = ORIENTED_EDGE('',*,*,#1393,.T.);
#1393 = EDGE_CURVE('',#1363,#1293,#1394,.T.);
#1394 = LINE('',#1395,#1396);
#1395 = CARTESIAN_POINT('',(-7.4,-11.749759,12.623271));
#1396 = VECTOR('',#1397,1.);
#1397 = DIRECTION('',(5.551115123126E-16,1.110223024625E-16,-1.));
#1398 = ORIENTED_EDGE('',*,*,#1290,.F.);
#1399 = ORIENTED_EDGE('',*,*,#1400,.F.);
#1400 = EDGE_CURVE('',#1371,#1291,#1401,.T.);
#1401 = LINE('',#1402,#1403);
#1402 = CARTESIAN_POINT('',(-8.,-11.749759,12.623271));
#1403 = VECTOR('',#1404,1.);
#1404 = DIRECTION('',(5.551115123126E-16,1.110223024625E-16,-1.));
#1405 = PLANE('',#1406);
#1406 = AXIS2_PLACEMENT_3D('',#1407,#1408,#1409);
#1407 = CARTESIAN_POINT('',(-8.,-11.749759,12.623271));
#1408 = DIRECTION('',(2.22044604925E-16,1.,-1.110223024625E-16));
#1409 = DIRECTION('',(3.330669073875E-16,-1.110223024625E-16,-1.));
#1410 = ADVANCED_FACE('',(#1411),#1417,.F.);
#1411 = FACE_BOUND('',#1412,.F.);
#1412 = EDGE_LOOP('',(#1413,#1414,#1415,#1416));
#1413 = ORIENTED_EDGE('',*,*,#1316,.T.);
#1414 = ORIENTED_EDGE('',*,*,#1347,.T.);
#1415 = ORIENTED_EDGE('',*,*,#1378,.T.);
#1416 = ORIENTED_EDGE('',*,*,#1400,.T.);
#1417 = PLANE('',#1418);
#1418 = AXIS2_PLACEMENT_3D('',#1419,#1420,#1421);
#1419 = CARTESIAN_POINT('',(-8.,-11.449759,7.623271));
#1420 = DIRECTION('',(1.,-4.440892098501E-16,-1.110223024625E-16));
#1421 = DIRECTION('',(-5.551115123126E-16,-1.110223024625E-16,1.));
#1422 = ADVANCED_FACE('',(#1423),#1429,.T.);
#1423 = FACE_BOUND('',#1424,.T.);
#1424 = EDGE_LOOP('',(#1425,#1426,#1427,#1428));
#1425 = ORIENTED_EDGE('',*,*,#1300,.T.);
#1426 = ORIENTED_EDGE('',*,*,#1331,.T.);
#1427 = ORIENTED_EDGE('',*,*,#1362,.T.);
#1428 = ORIENTED_EDGE('',*,*,#1393,.T.);
#1429 = PLANE('',#1430);
#1430 = AXIS2_PLACEMENT_3D('',#1431,#1432,#1433);
#1431 = CARTESIAN_POINT('',(-7.4,-11.449759,7.623271));
#1432 = DIRECTION('',(1.,-4.440892098501E-16,-1.110223024625E-16));
#1433 = DIRECTION('',(-5.551115123126E-16,-1.110223024625E-16,1.));
#1434 = ( GEOMETRIC_REPRESENTATION_CONTEXT(3) 
GLOBAL_UNCERTAINTY_ASSIGNED_CONTEXT((#1438)) 
GLOBAL_UNIT_ASSIGNED_CONTEXT((#1435,#1436,#1437)) REPRESENTATION_CONTEXT
('Context #1','3D Context with UNIT and UNCERTAINTY') );
#1435 = ( LENGTH_UNIT() NAMED_UNIT(*) SI_UNIT(.MILLI.,.METRE.) );
#1436 = ( NAMED_UNIT(*) PLANE_ANGLE_UNIT() SI_UNIT($,.RADIAN.) );
#1437 = ( NAMED_UNIT(*) SI_UNIT($,.STERADIAN.) SOLID_ANGLE_UNIT() );
#1438 = UNCERTAINTY_MEASURE_WITH_UNIT(LENGTH_MEASURE(1.E-07),#1435,
  'distance_accuracy_value','confusion accuracy');
#1439 = CONTEXT_DEPENDENT_SHAPE_REPRESENTATION(#1440,#1442);
#1440 = ( REPRESENTATION_RELATIONSHIP('','',#1283,#10) 
REPRESENTATION_RELATIONSHIP_WITH_TRANSFORMATION(#1441) 
SHAPE_REPRESENTATION_RELATIONSHIP() );
#1441 = ITEM_DEFINED_TRANSFORMATION('','',#11,#43);
#1442 = PRODUCT_DEFINITION_SHAPE('Placement','Placement of an item',
  #1443);
#1443 = NEXT_ASSEMBLY_USAGE_OCCURRENCE('17','Body007','',#5,#1278,$);
#1444 = PRODUCT_RELATED_PRODUCT_CATEGORY('part',$,(#1280));
#1445 = SHAPE_DEFINITION_REPRESENTATION(#1446,#1452);
#1446 = PRODUCT_DEFINITION_SHAPE('','',#1447);
#1447 = PRODUCT_DEFINITION('design','',#1448,#1451);
#1448 = PRODUCT_DEFINITION_FORMATION('','',#1449);
#1449 = PRODUCT('Body008','Body008','',(#1450));
#1450 = PRODUCT_CONTEXT('',#2,'mechanical');
#1451 = PRODUCT_DEFINITION_CONTEXT('part definition',#2,'design');
#1452 = ADVANCED_BREP_SHAPE_REPRESENTATION('',(#11,#1453),#1603);
#1453 = MANIFOLD_SOLID_BREP('',#1454);
#1454 = CLOSED_SHELL('',(#1455,#1495,#1526,#1557,#1579,#1591));
#1455 = ADVANCED_FACE('',(#1456),#1490,.F.);
#1456 = FACE_BOUND('',#1457,.F.);
#1457 = EDGE_LOOP('',(#1458,#1468,#1476,#1484));
#1458 = ORIENTED_EDGE('',*,*,#1459,.T.);
#1459 = EDGE_CURVE('',#1460,#1462,#1464,.T.);
#1460 = VERTEX_POINT('',#1461);
#1461 = CARTESIAN_POINT('',(-4.2,5.250241,4.223271));
#1462 = VERTEX_POINT('',#1463);
#1463 = CARTESIAN_POINT('',(-3.6,5.250241,4.223271));
#1464 = LINE('',#1465,#1466);
#1465 = CARTESIAN_POINT('',(-4.2,5.250241,4.223271));
#1466 = VECTOR('',#1467,1.);
#1467 = DIRECTION('',(1.,-2.22044604925E-16,1.110223024625E-16));
#1468 = ORIENTED_EDGE('',*,*,#1469,.T.);
#1469 = EDGE_CURVE('',#1462,#1470,#1472,.T.);
#1470 = VERTEX_POINT('',#1471);
#1471 = CARTESIAN_POINT('',(-3.6,5.850241,4.223271));
#1472 = LINE('',#1473,#1474);
#1473 = CARTESIAN_POINT('',(-3.6,5.250241,4.223271));
#1474 = VECTOR('',#1475,1.);
#1475 = DIRECTION('',(-4.440892098501E-16,1.,-7.771561172376E-16));
#1476 = ORIENTED_EDGE('',*,*,#1477,.F.);
#1477 = EDGE_CURVE('',#1478,#1470,#1480,.T.);
#1478 = VERTEX_POINT('',#1479);
#1479 = CARTESIAN_POINT('',(-4.2,5.850241,4.223271));
#1480 = LINE('',#1481,#1482);
#1481 = CARTESIAN_POINT('',(-4.2,5.850241,4.223271));
#1482 = VECTOR('',#1483,1.);
#1483 = DIRECTION('',(1.,-2.22044604925E-16,1.110223024625E-16));
#1484 = ORIENTED_EDGE('',*,*,#1485,.F.);
#1485 = EDGE_CURVE('',#1460,#1478,#1486,.T.);
#1486 = LINE('',#1487,#1488);
#1487 = CARTESIAN_POINT('',(-4.2,5.250241,4.223271));
#1488 = VECTOR('',#1489,1.);
#1489 = DIRECTION('',(-4.440892098501E-16,1.,-7.771561172376E-16));
#1490 = PLANE('',#1491);
#1491 = AXIS2_PLACEMENT_3D('',#1492,#1493,#1494);
#1492 = CARTESIAN_POINT('',(-4.2,5.250241,4.223271));
#1493 = DIRECTION('',(-1.110223024625E-16,3.330669073875E-16,1.));
#1494 = DIRECTION('',(2.465190328816E-32,1.,-3.330669073875E-16));
#1495 = ADVANCED_FACE('',(#1496),#1521,.F.);
#1496 = FACE_BOUND('',#1497,.F.);
#1497 = EDGE_LOOP('',(#1498,#1499,#1507,#1515));
#1498 = ORIENTED_EDGE('',*,*,#1477,.T.);
#1499 = ORIENTED_EDGE('',*,*,#1500,.T.);
#1500 = EDGE_CURVE('',#1470,#1501,#1503,.T.);
#1501 = VERTEX_POINT('',#1502);
#1502 = CARTESIAN_POINT('',(-3.6,5.850241,14.223271));
#1503 = LINE('',#1504,#1505);
#1504 = CARTESIAN_POINT('',(-3.6,5.850241,4.223271));
#1505 = VECTOR('',#1506,1.);
#1506 = DIRECTION('',(-7.771561172376E-16,-3.330669073875E-16,1.));
#1507 = ORIENTED_EDGE('',*,*,#1508,.F.);
#1508 = EDGE_CURVE('',#1509,#1501,#1511,.T.);
#1509 = VERTEX_POINT('',#1510);
#1510 = CARTESIAN_POINT('',(-4.2,5.850241,14.223271));
#1511 = LINE('',#1512,#1513);
#1512 = CARTESIAN_POINT('',(-4.2,5.850241,14.223271));
#1513 = VECTOR('',#1514,1.);
#1514 = DIRECTION('',(1.,-2.22044604925E-16,1.110223024625E-16));
#1515 = ORIENTED_EDGE('',*,*,#1516,.F.);
#1516 = EDGE_CURVE('',#1478,#1509,#1517,.T.);
#1517 = LINE('',#1518,#1519);
#1518 = CARTESIAN_POINT('',(-4.2,5.850241,4.223271));
#1519 = VECTOR('',#1520,1.);
#1520 = DIRECTION('',(-7.771561172376E-16,-3.330669073875E-16,1.));
#1521 = PLANE('',#1522);
#1522 = AXIS2_PLACEMENT_3D('',#1523,#1524,#1525);
#1523 = CARTESIAN_POINT('',(-4.2,5.850241,4.223271));
#1524 = DIRECTION('',(-2.22044604925E-16,-1.,1.110223024625E-16));
#1525 = DIRECTION('',(-3.330669073875E-16,1.110223024625E-16,1.));
#1526 = ADVANCED_FACE('',(#1527),#1552,.F.);
#1527 = FACE_BOUND('',#1528,.F.);
#1528 = EDGE_LOOP('',(#1529,#1530,#1538,#1546));
#1529 = ORIENTED_EDGE('',*,*,#1508,.T.);
#1530 = ORIENTED_EDGE('',*,*,#1531,.T.);
#1531 = EDGE_CURVE('',#1501,#1532,#1534,.T.);
#1532 = VERTEX_POINT('',#1533);
#1533 = CARTESIAN_POINT('',(-3.6,5.250241,14.223271));
#1534 = LINE('',#1535,#1536);
#1535 = CARTESIAN_POINT('',(-3.6,5.850241,14.223271));
#1536 = VECTOR('',#1537,1.);
#1537 = DIRECTION('',(4.440892098501E-16,-1.,7.771561172376E-16));
#1538 = ORIENTED_EDGE('',*,*,#1539,.F.);
#1539 = EDGE_CURVE('',#1540,#1532,#1542,.T.);
#1540 = VERTEX_POINT('',#1541);
#1541 = CARTESIAN_POINT('',(-4.2,5.250241,14.223271));
#1542 = LINE('',#1543,#1544);
#1543 = CARTESIAN_POINT('',(-4.2,5.250241,14.223271));
#1544 = VECTOR('',#1545,1.);
#1545 = DIRECTION('',(1.,-2.22044604925E-16,1.110223024625E-16));
#1546 = ORIENTED_EDGE('',*,*,#1547,.F.);
#1547 = EDGE_CURVE('',#1509,#1540,#1548,.T.);
#1548 = LINE('',#1549,#1550);
#1549 = CARTESIAN_POINT('',(-4.2,5.850241,14.223271));
#1550 = VECTOR('',#1551,1.);
#1551 = DIRECTION('',(4.440892098501E-16,-1.,7.771561172376E-16));
#1552 = PLANE('',#1553);
#1553 = AXIS2_PLACEMENT_3D('',#1554,#1555,#1556);
#1554 = CARTESIAN_POINT('',(-4.2,5.850241,14.223271));
#1555 = DIRECTION('',(1.110223024625E-16,-3.330669073875E-16,-1.));
#1556 = DIRECTION('',(-2.465190328816E-32,-1.,3.330669073875E-16));
#1557 = ADVANCED_FACE('',(#1558),#1574,.F.);
#1558 = FACE_BOUND('',#1559,.F.);
#1559 = EDGE_LOOP('',(#1560,#1561,#1567,#1568));
#1560 = ORIENTED_EDGE('',*,*,#1539,.T.);
#1561 = ORIENTED_EDGE('',*,*,#1562,.T.);
#1562 = EDGE_CURVE('',#1532,#1462,#1563,.T.);
#1563 = LINE('',#1564,#1565);
#1564 = CARTESIAN_POINT('',(-3.6,5.250241,14.223271));
#1565 = VECTOR('',#1566,1.);
#1566 = DIRECTION('',(7.771561172376E-16,3.330669073875E-16,-1.));
#1567 = ORIENTED_EDGE('',*,*,#1459,.F.);
#1568 = ORIENTED_EDGE('',*,*,#1569,.F.);
#1569 = EDGE_CURVE('',#1540,#1460,#1570,.T.);
#1570 = LINE('',#1571,#1572);
#1571 = CARTESIAN_POINT('',(-4.2,5.250241,14.223271));
#1572 = VECTOR('',#1573,1.);
#1573 = DIRECTION('',(7.771561172376E-16,3.330669073875E-16,-1.));
#1574 = PLANE('',#1575);
#1575 = AXIS2_PLACEMENT_3D('',#1576,#1577,#1578);
#1576 = CARTESIAN_POINT('',(-4.2,5.250241,14.223271));
#1577 = DIRECTION('',(2.22044604925E-16,1.,-1.110223024625E-16));
#1578 = DIRECTION('',(3.330669073875E-16,-1.110223024625E-16,-1.));
#1579 = ADVANCED_FACE('',(#1580),#1586,.F.);
#1580 = FACE_BOUND('',#1581,.F.);
#1581 = EDGE_LOOP('',(#1582,#1583,#1584,#1585));
#1582 = ORIENTED_EDGE('',*,*,#1485,.T.);
#1583 = ORIENTED_EDGE('',*,*,#1516,.T.);
#1584 = ORIENTED_EDGE('',*,*,#1547,.T.);
#1585 = ORIENTED_EDGE('',*,*,#1569,.T.);
#1586 = PLANE('',#1587);
#1587 = AXIS2_PLACEMENT_3D('',#1588,#1589,#1590);
#1588 = CARTESIAN_POINT('',(-4.2,5.550241,9.223271));
#1589 = DIRECTION('',(1.,-6.661338147751E-16,-3.330669073875E-16));
#1590 = DIRECTION('',(-7.771561172376E-16,-3.330669073875E-16,1.));
#1591 = ADVANCED_FACE('',(#1592),#1598,.T.);
#1592 = FACE_BOUND('',#1593,.T.);
#1593 = EDGE_LOOP('',(#1594,#1595,#1596,#1597));
#1594 = ORIENTED_EDGE('',*,*,#1469,.T.);
#1595 = ORIENTED_EDGE('',*,*,#1500,.T.);
#1596 = ORIENTED_EDGE('',*,*,#1531,.T.);
#1597 = ORIENTED_EDGE('',*,*,#1562,.T.);
#1598 = PLANE('',#1599);
#1599 = AXIS2_PLACEMENT_3D('',#1600,#1601,#1602);
#1600 = CARTESIAN_POINT('',(-3.6,5.550241,9.223271));
#1601 = DIRECTION('',(1.,-6.661338147751E-16,-3.330669073875E-16));
#1602 = DIRECTION('',(-7.771561172376E-16,-3.330669073875E-16,1.));
#1603 = ( GEOMETRIC_REPRESENTATION_CONTEXT(3) 
GLOBAL_UNCERTAINTY_ASSIGNED_CONTEXT((#1607)) 
GLOBAL_UNIT_ASSIGNED_CONTEXT((#1604,#1605,#1606)) REPRESENTATION_CONTEXT
('Context #1','3D Context with UNIT and UNCERTAINTY') );
#1604 = ( LENGTH_UNIT() NAMED_UNIT(*) SI_UNIT(.MILLI.,.METRE.) );
#1605 = ( NAMED_UNIT(*) PLANE_ANGLE_UNIT() SI_UNIT($,.RADIAN.) );
#1606 = ( NAMED_UNIT(*) SI_UNIT($,.STERADIAN.) SOLID_ANGLE_UNIT() );
#1607 = UNCERTAINTY_MEASURE_WITH_UNIT(LENGTH_MEASURE(1.E-07),#1604,
  'distance_accuracy_value','confusion accuracy');
#1608 = CONTEXT_DEPENDENT_SHAPE_REPRESENTATION(#1609,#1611);
#1609 = ( REPRESENTATION_RELATIONSHIP('','',#1452,#10) 
REPRESENTATION_RELATIONSHIP_WITH_TRANSFORMATION(#1610) 
SHAPE_REPRESENTATION_RELATIONSHIP() );
#1610 = ITEM_DEFINED_TRANSFORMATION('','',#11,#47);
#1611 = PRODUCT_DEFINITION_SHAPE('Placement','Placement of an item',
  #1612);
#1612 = NEXT_ASSEMBLY_USAGE_OCCURRENCE('18','Body008','',#5,#1447,$);
#1613 = PRODUCT_RELATED_PRODUCT_CATEGORY('part',$,(#1449));
#1614 = SHAPE_DEFINITION_REPRESENTATION(#1615,#1621);
#1615 = PRODUCT_DEFINITION_SHAPE('','',#1616);
#1616 = PRODUCT_DEFINITION('design','',#1617,#1620);
#1617 = PRODUCT_DEFINITION_FORMATION('','',#1618);
#1618 = PRODUCT('Body009','Body009','',(#1619));
#1619 = PRODUCT_CONTEXT('',#2,'mechanical');
#1620 = PRODUCT_DEFINITION_CONTEXT('part definition',#2,'design');
#1621 = ADVANCED_BREP_SHAPE_REPRESENTATION('',(#11,#1622),#1772);
#1622 = MANIFOLD_SOLID_BREP('',#1623);
#1623 = CLOSED_SHELL('',(#1624,#1664,#1695,#1726,#1748,#1760));
#1624 = ADVANCED_FACE('',(#1625),#1659,.F.);
#1625 = FACE_BOUND('',#1626,.F.);
#1626 = EDGE_LOOP('',(#1627,#1637,#1645,#1653));
#1627 = ORIENTED_EDGE('',*,*,#1628,.T.);
#1628 = EDGE_CURVE('',#1629,#1631,#1633,.T.);
#1629 = VERTEX_POINT('',#1630);
#1630 = CARTESIAN_POINT('',(3.8,5.250241,1.823271));
#1631 = VERTEX_POINT('',#1632);
#1632 = CARTESIAN_POINT('',(4.4,5.250241,1.823271));
#1633 = LINE('',#1634,#1635);
#1634 = CARTESIAN_POINT('',(3.8,5.250241,1.823271));
#1635 = VECTOR('',#1636,1.);
#1636 = DIRECTION('',(1.,-2.22044604925E-16,1.110223024625E-16));
#1637 = ORIENTED_EDGE('',*,*,#1638,.T.);
#1638 = EDGE_CURVE('',#1631,#1639,#1641,.T.);
#1639 = VERTEX_POINT('',#1640);
#1640 = CARTESIAN_POINT('',(4.4,5.850241,1.823271));
#1641 = LINE('',#1642,#1643);
#1642 = CARTESIAN_POINT('',(4.4,5.250241,1.823271));
#1643 = VECTOR('',#1644,1.);
#1644 = DIRECTION('',(-4.440892098501E-16,1.,-7.771561172376E-16));
#1645 = ORIENTED_EDGE('',*,*,#1646,.F.);
#1646 = EDGE_CURVE('',#1647,#1639,#1649,.T.);
#1647 = VERTEX_POINT('',#1648);
#1648 = CARTESIAN_POINT('',(3.8,5.850241,1.823271));
#1649 = LINE('',#1650,#1651);
#1650 = CARTESIAN_POINT('',(3.8,5.850241,1.823271));
#1651 = VECTOR('',#1652,1.);
#1652 = DIRECTION('',(1.,-2.22044604925E-16,1.110223024625E-16));
#1653 = ORIENTED_EDGE('',*,*,#1654,.F.);
#1654 = EDGE_CURVE('',#1629,#1647,#1655,.T.);
#1655 = LINE('',#1656,#1657);
#1656 = CARTESIAN_POINT('',(3.8,5.250241,1.823271));
#1657 = VECTOR('',#1658,1.);
#1658 = DIRECTION('',(-4.440892098501E-16,1.,-7.771561172376E-16));
#1659 = PLANE('',#1660);
#1660 = AXIS2_PLACEMENT_3D('',#1661,#1662,#1663);
#1661 = CARTESIAN_POINT('',(3.8,5.250241,1.823271));
#1662 = DIRECTION('',(-1.110223024625E-16,3.330669073875E-16,1.));
#1663 = DIRECTION('',(2.465190328816E-32,1.,-3.330669073875E-16));
#1664 = ADVANCED_FACE('',(#1665),#1690,.F.);
#1665 = FACE_BOUND('',#1666,.F.);
#1666 = EDGE_LOOP('',(#1667,#1668,#1676,#1684));
#1667 = ORIENTED_EDGE('',*,*,#1646,.T.);
#1668 = ORIENTED_EDGE('',*,*,#1669,.T.);
#1669 = EDGE_CURVE('',#1639,#1670,#1672,.T.);
#1670 = VERTEX_POINT('',#1671);
#1671 = CARTESIAN_POINT('',(4.4,5.850241,11.823271));
#1672 = LINE('',#1673,#1674);
#1673 = CARTESIAN_POINT('',(4.4,5.850241,1.823271));
#1674 = VECTOR('',#1675,1.);
#1675 = DIRECTION('',(-7.771561172376E-16,-3.330669073875E-16,1.));
#1676 = ORIENTED_EDGE('',*,*,#1677,.F.);
#1677 = EDGE_CURVE('',#1678,#1670,#1680,.T.);
#1678 = VERTEX_POINT('',#1679);
#1679 = CARTESIAN_POINT('',(3.8,5.850241,11.823271));
#1680 = LINE('',#1681,#1682);
#1681 = CARTESIAN_POINT('',(3.8,5.850241,11.823271));
#1682 = VECTOR('',#1683,1.);
#1683 = DIRECTION('',(1.,-2.22044604925E-16,1.110223024625E-16));
#1684 = ORIENTED_EDGE('',*,*,#1685,.F.);
#1685 = EDGE_CURVE('',#1647,#1678,#1686,.T.);
#1686 = LINE('',#1687,#1688);
#1687 = CARTESIAN_POINT('',(3.8,5.850241,1.823271));
#1688 = VECTOR('',#1689,1.);
#1689 = DIRECTION('',(-7.771561172376E-16,-3.330669073875E-16,1.));
#1690 = PLANE('',#1691);
#1691 = AXIS2_PLACEMENT_3D('',#1692,#1693,#1694);
#1692 = CARTESIAN_POINT('',(3.8,5.850241,1.823271));
#1693 = DIRECTION('',(-2.22044604925E-16,-1.,1.110223024625E-16));
#1694 = DIRECTION('',(-3.330669073875E-16,1.110223024625E-16,1.));
#1695 = ADVANCED_FACE('',(#1696),#1721,.F.);
#1696 = FACE_BOUND('',#1697,.F.);
#1697 = EDGE_LOOP('',(#1698,#1699,#1707,#1715));
#1698 = ORIENTED_EDGE('',*,*,#1677,.T.);
#1699 = ORIENTED_EDGE('',*,*,#1700,.T.);
#1700 = EDGE_CURVE('',#1670,#1701,#1703,.T.);
#1701 = VERTEX_POINT('',#1702);
#1702 = CARTESIAN_POINT('',(4.4,5.250241,11.823271));
#1703 = LINE('',#1704,#1705);
#1704 = CARTESIAN_POINT('',(4.4,5.850241,11.823271));
#1705 = VECTOR('',#1706,1.);
#1706 = DIRECTION('',(4.440892098501E-16,-1.,7.771561172376E-16));
#1707 = ORIENTED_EDGE('',*,*,#1708,.F.);
#1708 = EDGE_CURVE('',#1709,#1701,#1711,.T.);
#1709 = VERTEX_POINT('',#1710);
#1710 = CARTESIAN_POINT('',(3.8,5.250241,11.823271));
#1711 = LINE('',#1712,#1713);
#1712 = CARTESIAN_POINT('',(3.8,5.250241,11.823271));
#1713 = VECTOR('',#1714,1.);
#1714 = DIRECTION('',(1.,-2.22044604925E-16,1.110223024625E-16));
#1715 = ORIENTED_EDGE('',*,*,#1716,.F.);
#1716 = EDGE_CURVE('',#1678,#1709,#1717,.T.);
#1717 = LINE('',#1718,#1719);
#1718 = CARTESIAN_POINT('',(3.8,5.850241,11.823271));
#1719 = VECTOR('',#1720,1.);
#1720 = DIRECTION('',(4.440892098501E-16,-1.,7.771561172376E-16));
#1721 = PLANE('',#1722);
#1722 = AXIS2_PLACEMENT_3D('',#1723,#1724,#1725);
#1723 = CARTESIAN_POINT('',(3.8,5.850241,11.823271));
#1724 = DIRECTION('',(1.110223024625E-16,-3.330669073875E-16,-1.));
#1725 = DIRECTION('',(-2.465190328816E-32,-1.,3.330669073875E-16));
#1726 = ADVANCED_FACE('',(#1727),#1743,.F.);
#1727 = FACE_BOUND('',#1728,.F.);
#1728 = EDGE_LOOP('',(#1729,#1730,#1736,#1737));
#1729 = ORIENTED_EDGE('',*,*,#1708,.T.);
#1730 = ORIENTED_EDGE('',*,*,#1731,.T.);
#1731 = EDGE_CURVE('',#1701,#1631,#1732,.T.);
#1732 = LINE('',#1733,#1734);
#1733 = CARTESIAN_POINT('',(4.4,5.250241,11.823271));
#1734 = VECTOR('',#1735,1.);
#1735 = DIRECTION('',(7.771561172376E-16,3.330669073875E-16,-1.));
#1736 = ORIENTED_EDGE('',*,*,#1628,.F.);
#1737 = ORIENTED_EDGE('',*,*,#1738,.F.);
#1738 = EDGE_CURVE('',#1709,#1629,#1739,.T.);
#1739 = LINE('',#1740,#1741);
#1740 = CARTESIAN_POINT('',(3.8,5.250241,11.823271));
#1741 = VECTOR('',#1742,1.);
#1742 = DIRECTION('',(7.771561172376E-16,3.330669073875E-16,-1.));
#1743 = PLANE('',#1744);
#1744 = AXIS2_PLACEMENT_3D('',#1745,#1746,#1747);
#1745 = CARTESIAN_POINT('',(3.8,5.250241,11.823271));
#1746 = DIRECTION('',(2.22044604925E-16,1.,-1.110223024625E-16));
#1747 = DIRECTION('',(3.330669073875E-16,-1.110223024625E-16,-1.));
#1748 = ADVANCED_FACE('',(#1749),#1755,.F.);
#1749 = FACE_BOUND('',#1750,.F.);
#1750 = EDGE_LOOP('',(#1751,#1752,#1753,#1754));
#1751 = ORIENTED_EDGE('',*,*,#1654,.T.);
#1752 = ORIENTED_EDGE('',*,*,#1685,.T.);
#1753 = ORIENTED_EDGE('',*,*,#1716,.T.);
#1754 = ORIENTED_EDGE('',*,*,#1738,.T.);
#1755 = PLANE('',#1756);
#1756 = AXIS2_PLACEMENT_3D('',#1757,#1758,#1759);
#1757 = CARTESIAN_POINT('',(3.8,5.550241,6.823271));
#1758 = DIRECTION('',(1.,-6.661338147751E-16,-3.330669073875E-16));
#1759 = DIRECTION('',(-7.771561172376E-16,-3.330669073875E-16,1.));
#1760 = ADVANCED_FACE('',(#1761),#1767,.T.);
#1761 = FACE_BOUND('',#1762,.T.);
#1762 = EDGE_LOOP('',(#1763,#1764,#1765,#1766));
#1763 = ORIENTED_EDGE('',*,*,#1638,.T.);
#1764 = ORIENTED_EDGE('',*,*,#1669,.T.);
#1765 = ORIENTED_EDGE('',*,*,#1700,.T.);
#1766 = ORIENTED_EDGE('',*,*,#1731,.T.);
#1767 = PLANE('',#1768);
#1768 = AXIS2_PLACEMENT_3D('',#1769,#1770,#1771);
#1769 = CARTESIAN_POINT('',(4.4,5.550241,6.823271));
#1770 = DIRECTION('',(1.,-6.661338147751E-16,-3.330669073875E-16));
#1771 = DIRECTION('',(-7.771561172376E-16,-3.330669073875E-16,1.));
#1772 = ( GEOMETRIC_REPRESENTATION_CONTEXT(3) 
GLOBAL_UNCERTAINTY_ASSIGNED_CONTEXT((#1776)) 
GLOBAL_UNIT_ASSIGNED_CONTEXT((#1773,#1774,#1775)) REPRESENTATION_CONTEXT
('Context #1','3D Context with UNIT and UNCERTAINTY') );
#1773 = ( LENGTH_UNIT() NAMED_UNIT(*) SI_UNIT(.MILLI.,.METRE.) );
#1774 = ( NAMED_UNIT(*) PLANE_ANGLE_UNIT() SI_UNIT($,.RADIAN.) );
#1775 = ( NAMED_UNIT(*) SI_UNIT($,.STERADIAN.) SOLID_ANGLE_UNIT() );
#1776 = UNCERTAINTY_MEASURE_WITH_UNIT(LENGTH_MEASURE(1.E-07),#1773,
  'distance_accuracy_value','confusion accuracy');
#1777 = CONTEXT_DEPENDENT_SHAPE_REPRESENTATION(#1778,#1780);
#1778 = ( REPRESENTATION_RELATIONSHIP('','',#1621,#10) 
REPRESENTATION_RELATIONSHIP_WITH_TRANSFORMATION(#1779) 
SHAPE_REPRESENTATION_RELATIONSHIP() );
#1779 = ITEM_DEFINED_TRANSFORMATION('','',#11,#51);
#1780 = PRODUCT_DEFINITION_SHAPE('Placement','Placement of an item',
  #1781);
#1781 = NEXT_ASSEMBLY_USAGE_OCCURRENCE('19','Body009','',#5,#1616,$);
#1782 = PRODUCT_RELATED_PRODUCT_CATEGORY('part',$,(#1618));
#1783 = SHAPE_DEFINITION_REPRESENTATION(#1784,#1790);
#1784 = PRODUCT_DEFINITION_SHAPE('','',#1785);
#1785 = PRODUCT_DEFINITION('design','',#1786,#1789);
#1786 = PRODUCT_DEFINITION_FORMATION('','',#1787);
#1787 = PRODUCT('Тіло001','Тіло001','',(#1788));
#1788 = PRODUCT_CONTEXT('',#2,'mechanical');
#1789 = PRODUCT_DEFINITION_CONTEXT('part definition',#2,'design');
#1790 = ADVANCED_BREP_SHAPE_REPRESENTATION('',(#11,#1791),#1941);
#1791 = MANIFOLD_SOLID_BREP('',#1792);
#1792 = CLOSED_SHELL('',(#1793,#1833,#1864,#1895,#1917,#1929));
#1793 = ADVANCED_FACE('',(#1794),#1828,.F.);
#1794 = FACE_BOUND('',#1795,.F.);
#1795 = EDGE_LOOP('',(#1796,#1806,#1814,#1822));
#1796 = ORIENTED_EDGE('',*,*,#1797,.T.);
#1797 = EDGE_CURVE('',#1798,#1800,#1802,.T.);
#1798 = VERTEX_POINT('',#1799);
#1799 = CARTESIAN_POINT('',(-1.40663181103E-15,-11.749759,4.223271));
#1800 = VERTEX_POINT('',#1801);
#1801 = CARTESIAN_POINT('',(0.6,-11.749759,4.223271));
#1802 = LINE('',#1803,#1804);
#1803 = CARTESIAN_POINT('',(-1.40663181103E-15,-11.749759,4.223271));
#1804 = VECTOR('',#1805,1.);
#1805 = DIRECTION('',(1.,-2.22044604925E-16,1.110223024625E-16));
#1806 = ORIENTED_EDGE('',*,*,#1807,.T.);
#1807 = EDGE_CURVE('',#1800,#1808,#1810,.T.);
#1808 = VERTEX_POINT('',#1809);
#1809 = CARTESIAN_POINT('',(0.6,-11.149759,4.223271));
#1810 = LINE('',#1811,#1812);
#1811 = CARTESIAN_POINT('',(0.6,-11.749759,4.223271));
#1812 = VECTOR('',#1813,1.);
#1813 = DIRECTION('',(-2.22044604925E-16,1.,-5.551115123126E-16));
#1814 = ORIENTED_EDGE('',*,*,#1815,.F.);
#1815 = EDGE_CURVE('',#1816,#1808,#1818,.T.);
#1816 = VERTEX_POINT('',#1817);
#1817 = CARTESIAN_POINT('',(-1.40663181103E-15,-11.149759,4.223271));
#1818 = LINE('',#1819,#1820);
#1819 = CARTESIAN_POINT('',(-1.40663181103E-15,-11.149759,4.223271));
#1820 = VECTOR('',#1821,1.);
#1821 = DIRECTION('',(1.,-2.22044604925E-16,1.110223024625E-16));
#1822 = ORIENTED_EDGE('',*,*,#1823,.F.);
#1823 = EDGE_CURVE('',#1798,#1816,#1824,.T.);
#1824 = LINE('',#1825,#1826);
#1825 = CARTESIAN_POINT('',(2.645842434035E-16,-11.749759,4.223271));
#1826 = VECTOR('',#1827,1.);
#1827 = DIRECTION('',(-2.22044604925E-16,1.,-5.551115123126E-16));
#1828 = PLANE('',#1829);
#1829 = AXIS2_PLACEMENT_3D('',#1830,#1831,#1832);
#1830 = CARTESIAN_POINT('',(-1.40663181103E-15,-11.749759,4.223271));
#1831 = DIRECTION('',(-1.110223024625E-16,3.330669073875E-16,1.));
#1832 = DIRECTION('',(2.465190328816E-32,1.,-3.330669073875E-16));
#1833 = ADVANCED_FACE('',(#1834),#1859,.F.);
#1834 = FACE_BOUND('',#1835,.F.);
#1835 = EDGE_LOOP('',(#1836,#1837,#1845,#1853));
#1836 = ORIENTED_EDGE('',*,*,#1815,.T.);
#1837 = ORIENTED_EDGE('',*,*,#1838,.T.);
#1838 = EDGE_CURVE('',#1808,#1839,#1841,.T.);
#1839 = VERTEX_POINT('',#1840);
#1840 = CARTESIAN_POINT('',(0.6,-11.149759,14.223271));
#1841 = LINE('',#1842,#1843);
#1842 = CARTESIAN_POINT('',(0.6,-11.149759,4.223271));
#1843 = VECTOR('',#1844,1.);
#1844 = DIRECTION('',(-5.551115123126E-16,-1.110223024625E-16,1.));
#1845 = ORIENTED_EDGE('',*,*,#1846,.F.);
#1846 = EDGE_CURVE('',#1847,#1839,#1849,.T.);
#1847 = VERTEX_POINT('',#1848);
#1848 = CARTESIAN_POINT('',(-4.737300884905E-15,-11.149759,14.223271));
#1849 = LINE('',#1850,#1851);
#1850 = CARTESIAN_POINT('',(-4.737300884905E-15,-11.149759,14.223271));
#1851 = VECTOR('',#1852,1.);
#1852 = DIRECTION('',(1.,-2.22044604925E-16,1.110223024625E-16));
#1853 = ORIENTED_EDGE('',*,*,#1854,.F.);
#1854 = EDGE_CURVE('',#1816,#1847,#1855,.T.);
#1855 = LINE('',#1856,#1857);
#1856 = CARTESIAN_POINT('',(1.313574804485E-16,-11.149759,4.223271));
#1857 = VECTOR('',#1858,1.);
#1858 = DIRECTION('',(-5.551115123126E-16,-1.110223024625E-16,1.));
#1859 = PLANE('',#1860);
#1860 = AXIS2_PLACEMENT_3D('',#1861,#1862,#1863);
#1861 = CARTESIAN_POINT('',(-1.40663181103E-15,-11.149759,4.223271));
#1862 = DIRECTION('',(-2.22044604925E-16,-1.,1.110223024625E-16));
#1863 = DIRECTION('',(-3.330669073875E-16,1.110223024625E-16,1.));
#1864 = ADVANCED_FACE('',(#1865),#1890,.F.);
#1865 = FACE_BOUND('',#1866,.F.);
#1866 = EDGE_LOOP('',(#1867,#1868,#1876,#1884));
#1867 = ORIENTED_EDGE('',*,*,#1846,.T.);
#1868 = ORIENTED_EDGE('',*,*,#1869,.T.);
#1869 = EDGE_CURVE('',#1839,#1870,#1872,.T.);
#1870 = VERTEX_POINT('',#1871);
#1871 = CARTESIAN_POINT('',(0.6,-11.749759,14.223271));
#1872 = LINE('',#1873,#1874);
#1873 = CARTESIAN_POINT('',(0.6,-11.149759,14.223271));
#1874 = VECTOR('',#1875,1.);
#1875 = DIRECTION('',(2.22044604925E-16,-1.,5.551115123126E-16));
#1876 = ORIENTED_EDGE('',*,*,#1877,.F.);
#1877 = EDGE_CURVE('',#1878,#1870,#1880,.T.);
#1878 = VERTEX_POINT('',#1879);
#1879 = CARTESIAN_POINT('',(-4.737300884905E-15,-11.749759,14.223271));
#1880 = LINE('',#1881,#1882);
#1881 = CARTESIAN_POINT('',(-4.737300884905E-15,-11.749759,14.223271));
#1882 = VECTOR('',#1883,1.);
#1883 = DIRECTION('',(1.,-2.22044604925E-16,1.110223024625E-16));
#1884 = ORIENTED_EDGE('',*,*,#1885,.F.);
#1885 = EDGE_CURVE('',#1847,#1878,#1886,.T.);
#1886 = LINE('',#1887,#1888);
#1887 = CARTESIAN_POINT('',(-5.419757642677E-15,-11.149759,14.223271));
#1888 = VECTOR('',#1889,1.);
#1889 = DIRECTION('',(2.22044604925E-16,-1.,5.551115123126E-16));
#1890 = PLANE('',#1891);
#1891 = AXIS2_PLACEMENT_3D('',#1892,#1893,#1894);
#1892 = CARTESIAN_POINT('',(-4.737300884905E-15,-11.149759,14.223271));
#1893 = DIRECTION('',(1.110223024625E-16,-3.330669073875E-16,-1.));
#1894 = DIRECTION('',(-2.465190328816E-32,-1.,3.330669073875E-16));
#1895 = ADVANCED_FACE('',(#1896),#1912,.F.);
#1896 = FACE_BOUND('',#1897,.F.);
#1897 = EDGE_LOOP('',(#1898,#1899,#1905,#1906));
#1898 = ORIENTED_EDGE('',*,*,#1877,.T.);
#1899 = ORIENTED_EDGE('',*,*,#1900,.T.);
#1900 = EDGE_CURVE('',#1870,#1800,#1901,.T.);
#1901 = LINE('',#1902,#1903);
#1902 = CARTESIAN_POINT('',(0.6,-11.749759,14.223271));
#1903 = VECTOR('',#1904,1.);
#1904 = DIRECTION('',(5.551115123126E-16,1.110223024625E-16,-1.));
#1905 = ORIENTED_EDGE('',*,*,#1797,.F.);
#1906 = ORIENTED_EDGE('',*,*,#1907,.F.);
#1907 = EDGE_CURVE('',#1878,#1798,#1908,.T.);
#1908 = LINE('',#1909,#1910);
#1909 = CARTESIAN_POINT('',(-5.286530879722E-15,-11.749759,14.223271));
#1910 = VECTOR('',#1911,1.);
#1911 = DIRECTION('',(5.551115123126E-16,1.110223024625E-16,-1.));
#1912 = PLANE('',#1913);
#1913 = AXIS2_PLACEMENT_3D('',#1914,#1915,#1916);
#1914 = CARTESIAN_POINT('',(-4.737300884905E-15,-11.749759,14.223271));
#1915 = DIRECTION('',(2.22044604925E-16,1.,-1.110223024625E-16));
#1916 = DIRECTION('',(3.330669073875E-16,-1.110223024625E-16,-1.));
#1917 = ADVANCED_FACE('',(#1918),#1924,.F.);
#1918 = FACE_BOUND('',#1919,.F.);
#1919 = EDGE_LOOP('',(#1920,#1921,#1922,#1923));
#1920 = ORIENTED_EDGE('',*,*,#1823,.T.);
#1921 = ORIENTED_EDGE('',*,*,#1854,.T.);
#1922 = ORIENTED_EDGE('',*,*,#1885,.T.);
#1923 = ORIENTED_EDGE('',*,*,#1907,.T.);
#1924 = PLANE('',#1925);
#1925 = AXIS2_PLACEMENT_3D('',#1926,#1927,#1928);
#1926 = CARTESIAN_POINT('',(-2.577586699637E-15,-11.449759,9.223271));
#1927 = DIRECTION('',(1.,-4.440892098501E-16,-1.110223024625E-16));
#1928 = DIRECTION('',(-5.551115123126E-16,-1.110223024625E-16,1.));
#1929 = ADVANCED_FACE('',(#1930),#1936,.T.);
#1930 = FACE_BOUND('',#1931,.T.);
#1931 = EDGE_LOOP('',(#1932,#1933,#1934,#1935));
#1932 = ORIENTED_EDGE('',*,*,#1807,.T.);
#1933 = ORIENTED_EDGE('',*,*,#1838,.T.);
#1934 = ORIENTED_EDGE('',*,*,#1869,.T.);
#1935 = ORIENTED_EDGE('',*,*,#1900,.T.);
#1936 = PLANE('',#1937);
#1937 = AXIS2_PLACEMENT_3D('',#1938,#1939,#1940);
#1938 = CARTESIAN_POINT('',(0.6,-11.449759,9.223271));
#1939 = DIRECTION('',(1.,-4.440892098501E-16,-1.110223024625E-16));
#1940 = DIRECTION('',(-5.551115123126E-16,-1.110223024625E-16,1.));
#1941 = ( GEOMETRIC_REPRESENTATION_CONTEXT(3) 
GLOBAL_UNCERTAINTY_ASSIGNED_CONTEXT((#1945)) 
GLOBAL_UNIT_ASSIGNED_CONTEXT((#1942,#1943,#1944)) REPRESENTATION_CONTEXT
('Context #1','3D Context with UNIT and UNCERTAINTY') );
#1942 = ( LENGTH_UNIT() NAMED_UNIT(*) SI_UNIT(.MILLI.,.METRE.) );
#1943 = ( NAMED_UNIT(*) PLANE_ANGLE_UNIT() SI_UNIT($,.RADIAN.) );
#1944 = ( NAMED_UNIT(*) SI_UNIT($,.STERADIAN.) SOLID_ANGLE_UNIT() );
#1945 = UNCERTAINTY_MEASURE_WITH_UNIT(LENGTH_MEASURE(1.E-07),#1942,
  'distance_accuracy_value','confusion accuracy');
#1946 = CONTEXT_DEPENDENT_SHAPE_REPRESENTATION(#1947,#1949);
#1947 = ( REPRESENTATION_RELATIONSHIP('','',#1790,#10) 
REPRESENTATION_RELATIONSHIP_WITH_TRANSFORMATION(#1948) 
SHAPE_REPRESENTATION_RELATIONSHIP() );
#1948 = ITEM_DEFINED_TRANSFORMATION('','',#11,#55);
#1949 = PRODUCT_DEFINITION_SHAPE('Placement','Placement of an item',
  #1950);
#1950 = NEXT_ASSEMBLY_USAGE_OCCURRENCE('20','Тіло001','',#5,#1785,$
  );
#1951 = PRODUCT_RELATED_PRODUCT_CATEGORY('part',$,(#1787));
#1952 = SHAPE_DEFINITION_REPRESENTATION(#1953,#1959);
#1953 = PRODUCT_DEFINITION_SHAPE('','',#1954);
#1954 = PRODUCT_DEFINITION('design','',#1955,#1958);
#1955 = PRODUCT_DEFINITION_FORMATION('','',#1956);
#1956 = PRODUCT('Body011','Body011','',(#1957));
#1957 = PRODUCT_CONTEXT('',#2,'mechanical');
#1958 = PRODUCT_DEFINITION_CONTEXT('part definition',#2,'design');
#1959 = ADVANCED_BREP_SHAPE_REPRESENTATION('',(#11,#1960),#2110);
#1960 = MANIFOLD_SOLID_BREP('',#1961);
#1961 = CLOSED_SHELL('',(#1962,#2002,#2033,#2064,#2086,#2098));
#1962 = ADVANCED_FACE('',(#1963),#1997,.F.);
#1963 = FACE_BOUND('',#1964,.F.);
#1964 = EDGE_LOOP('',(#1965,#1975,#1983,#1991));
#1965 = ORIENTED_EDGE('',*,*,#1966,.T.);
#1966 = EDGE_CURVE('',#1967,#1969,#1971,.T.);
#1967 = VERTEX_POINT('',#1968);
#1968 = CARTESIAN_POINT('',(3.8,-9.749759,2.623271));
#1969 = VERTEX_POINT('',#1970);
#1970 = CARTESIAN_POINT('',(4.4,-9.749759,2.623271));
#1971 = LINE('',#1972,#1973);
#1972 = CARTESIAN_POINT('',(3.8,-9.749759,2.623271));
#1973 = VECTOR('',#1974,1.);
#1974 = DIRECTION('',(1.,-2.22044604925E-16,1.110223024625E-16));
#1975 = ORIENTED_EDGE('',*,*,#1976,.T.);
#1976 = EDGE_CURVE('',#1969,#1977,#1979,.T.);
#1977 = VERTEX_POINT('',#1978);
#1978 = CARTESIAN_POINT('',(4.4,-9.149759,2.623271));
#1979 = LINE('',#1980,#1981);
#1980 = CARTESIAN_POINT('',(4.4,-9.749759,2.623271));
#1981 = VECTOR('',#1982,1.);
#1982 = DIRECTION('',(-4.440892098501E-16,1.,-7.771561172376E-16));
#1983 = ORIENTED_EDGE('',*,*,#1984,.F.);
#1984 = EDGE_CURVE('',#1985,#1977,#1987,.T.);
#1985 = VERTEX_POINT('',#1986);
#1986 = CARTESIAN_POINT('',(3.8,-9.149759,2.623271));
#1987 = LINE('',#1988,#1989);
#1988 = CARTESIAN_POINT('',(3.8,-9.149759,2.623271));
#1989 = VECTOR('',#1990,1.);
#1990 = DIRECTION('',(1.,-2.22044604925E-16,1.110223024625E-16));
#1991 = ORIENTED_EDGE('',*,*,#1992,.F.);
#1992 = EDGE_CURVE('',#1967,#1985,#1993,.T.);
#1993 = LINE('',#1994,#1995);
#1994 = CARTESIAN_POINT('',(3.8,-9.749759,2.623271));
#1995 = VECTOR('',#1996,1.);
#1996 = DIRECTION('',(-4.440892098501E-16,1.,-7.771561172376E-16));
#1997 = PLANE('',#1998);
#1998 = AXIS2_PLACEMENT_3D('',#1999,#2000,#2001);
#1999 = CARTESIAN_POINT('',(3.8,-9.749759,2.623271));
#2000 = DIRECTION('',(-1.110223024625E-16,3.330669073875E-16,1.));
#2001 = DIRECTION('',(2.465190328816E-32,1.,-3.330669073875E-16));
#2002 = ADVANCED_FACE('',(#2003),#2028,.F.);
#2003 = FACE_BOUND('',#2004,.F.);
#2004 = EDGE_LOOP('',(#2005,#2006,#2014,#2022));
#2005 = ORIENTED_EDGE('',*,*,#1984,.T.);
#2006 = ORIENTED_EDGE('',*,*,#2007,.T.);
#2007 = EDGE_CURVE('',#1977,#2008,#2010,.T.);
#2008 = VERTEX_POINT('',#2009);
#2009 = CARTESIAN_POINT('',(4.4,-9.149759,12.623271));
#2010 = LINE('',#2011,#2012);
#2011 = CARTESIAN_POINT('',(4.4,-9.149759,2.623271));
#2012 = VECTOR('',#2013,1.);
#2013 = DIRECTION('',(-7.771561172376E-16,-3.330669073875E-16,1.));
#2014 = ORIENTED_EDGE('',*,*,#2015,.F.);
#2015 = EDGE_CURVE('',#2016,#2008,#2018,.T.);
#2016 = VERTEX_POINT('',#2017);
#2017 = CARTESIAN_POINT('',(3.8,-9.149759,12.623271));
#2018 = LINE('',#2019,#2020);
#2019 = CARTESIAN_POINT('',(3.8,-9.149759,12.623271));
#2020 = VECTOR('',#2021,1.);
#2021 = DIRECTION('',(1.,-2.22044604925E-16,1.110223024625E-16));
#2022 = ORIENTED_EDGE('',*,*,#2023,.F.);
#2023 = EDGE_CURVE('',#1985,#2016,#2024,.T.);
#2024 = LINE('',#2025,#2026);
#2025 = CARTESIAN_POINT('',(3.8,-9.149759,2.623271));
#2026 = VECTOR('',#2027,1.);
#2027 = DIRECTION('',(-7.771561172376E-16,-3.330669073875E-16,1.));
#2028 = PLANE('',#2029);
#2029 = AXIS2_PLACEMENT_3D('',#2030,#2031,#2032);
#2030 = CARTESIAN_POINT('',(3.8,-9.149759,2.623271));
#2031 = DIRECTION('',(-2.22044604925E-16,-1.,1.110223024625E-16));
#2032 = DIRECTION('',(-3.330669073875E-16,1.110223024625E-16,1.));
#2033 = ADVANCED_FACE('',(#2034),#2059,.F.);
#2034 = FACE_BOUND('',#2035,.F.);
#2035 = EDGE_LOOP('',(#2036,#2037,#2045,#2053));
#2036 = ORIENTED_EDGE('',*,*,#2015,.T.);
#2037 = ORIENTED_EDGE('',*,*,#2038,.T.);
#2038 = EDGE_CURVE('',#2008,#2039,#2041,.T.);
#2039 = VERTEX_POINT('',#2040);
#2040 = CARTESIAN_POINT('',(4.4,-9.749759,12.623271));
#2041 = LINE('',#2042,#2043);
#2042 = CARTESIAN_POINT('',(4.4,-9.149759,12.623271));
#2043 = VECTOR('',#2044,1.);
#2044 = DIRECTION('',(4.440892098501E-16,-1.,7.771561172376E-16));
#2045 = ORIENTED_EDGE('',*,*,#2046,.F.);
#2046 = EDGE_CURVE('',#2047,#2039,#2049,.T.);
#2047 = VERTEX_POINT('',#2048);
#2048 = CARTESIAN_POINT('',(3.8,-9.749759,12.623271));
#2049 = LINE('',#2050,#2051);
#2050 = CARTESIAN_POINT('',(3.8,-9.749759,12.623271));
#2051 = VECTOR('',#2052,1.);
#2052 = DIRECTION('',(1.,-2.22044604925E-16,1.110223024625E-16));
#2053 = ORIENTED_EDGE('',*,*,#2054,.F.);
#2054 = EDGE_CURVE('',#2016,#2047,#2055,.T.);
#2055 = LINE('',#2056,#2057);
#2056 = CARTESIAN_POINT('',(3.8,-9.149759,12.623271));
#2057 = VECTOR('',#2058,1.);
#2058 = DIRECTION('',(4.440892098501E-16,-1.,7.771561172376E-16));
#2059 = PLANE('',#2060);
#2060 = AXIS2_PLACEMENT_3D('',#2061,#2062,#2063);
#2061 = CARTESIAN_POINT('',(3.8,-9.149759,12.623271));
#2062 = DIRECTION('',(1.110223024625E-16,-3.330669073875E-16,-1.));
#2063 = DIRECTION('',(-2.465190328816E-32,-1.,3.330669073875E-16));
#2064 = ADVANCED_FACE('',(#2065),#2081,.F.);
#2065 = FACE_BOUND('',#2066,.F.);
#2066 = EDGE_LOOP('',(#2067,#2068,#2074,#2075));
#2067 = ORIENTED_EDGE('',*,*,#2046,.T.);
#2068 = ORIENTED_EDGE('',*,*,#2069,.T.);
#2069 = EDGE_CURVE('',#2039,#1969,#2070,.T.);
#2070 = LINE('',#2071,#2072);
#2071 = CARTESIAN_POINT('',(4.4,-9.749759,12.623271));
#2072 = VECTOR('',#2073,1.);
#2073 = DIRECTION('',(7.771561172376E-16,3.330669073875E-16,-1.));
#2074 = ORIENTED_EDGE('',*,*,#1966,.F.);
#2075 = ORIENTED_EDGE('',*,*,#2076,.F.);
#2076 = EDGE_CURVE('',#2047,#1967,#2077,.T.);
#2077 = LINE('',#2078,#2079);
#2078 = CARTESIAN_POINT('',(3.8,-9.749759,12.623271));
#2079 = VECTOR('',#2080,1.);
#2080 = DIRECTION('',(7.771561172376E-16,3.330669073875E-16,-1.));
#2081 = PLANE('',#2082);
#2082 = AXIS2_PLACEMENT_3D('',#2083,#2084,#2085);
#2083 = CARTESIAN_POINT('',(3.8,-9.749759,12.623271));
#2084 = DIRECTION('',(2.22044604925E-16,1.,-1.110223024625E-16));
#2085 = DIRECTION('',(3.330669073875E-16,-1.110223024625E-16,-1.));
#2086 = ADVANCED_FACE('',(#2087),#2093,.F.);
#2087 = FACE_BOUND('',#2088,.F.);
#2088 = EDGE_LOOP('',(#2089,#2090,#2091,#2092));
#2089 = ORIENTED_EDGE('',*,*,#1992,.T.);
#2090 = ORIENTED_EDGE('',*,*,#2023,.T.);
#2091 = ORIENTED_EDGE('',*,*,#2054,.T.);
#2092 = ORIENTED_EDGE('',*,*,#2076,.T.);
#2093 = PLANE('',#2094);
#2094 = AXIS2_PLACEMENT_3D('',#2095,#2096,#2097);
#2095 = CARTESIAN_POINT('',(3.8,-9.449759,7.623271));
#2096 = DIRECTION('',(1.,-6.661338147751E-16,-3.330669073875E-16));
#2097 = DIRECTION('',(-7.771561172376E-16,-3.330669073875E-16,1.));
#2098 = ADVANCED_FACE('',(#2099),#2105,.T.);
#2099 = FACE_BOUND('',#2100,.T.);
#2100 = EDGE_LOOP('',(#2101,#2102,#2103,#2104));
#2101 = ORIENTED_EDGE('',*,*,#1976,.T.);
#2102 = ORIENTED_EDGE('',*,*,#2007,.T.);
#2103 = ORIENTED_EDGE('',*,*,#2038,.T.);
#2104 = ORIENTED_EDGE('',*,*,#2069,.T.);
#2105 = PLANE('',#2106);
#2106 = AXIS2_PLACEMENT_3D('',#2107,#2108,#2109);
#2107 = CARTESIAN_POINT('',(4.4,-9.449759,7.623271));
#2108 = DIRECTION('',(1.,-6.661338147751E-16,-3.330669073875E-16));
#2109 = DIRECTION('',(-7.771561172376E-16,-3.330669073875E-16,1.));
#2110 = ( GEOMETRIC_REPRESENTATION_CONTEXT(3) 
GLOBAL_UNCERTAINTY_ASSIGNED_CONTEXT((#2114)) 
GLOBAL_UNIT_ASSIGNED_CONTEXT((#2111,#2112,#2113)) REPRESENTATION_CONTEXT
('Context #1','3D Context with UNIT and UNCERTAINTY') );
#2111 = ( LENGTH_UNIT() NAMED_UNIT(*) SI_UNIT(.MILLI.,.METRE.) );
#2112 = ( NAMED_UNIT(*) PLANE_ANGLE_UNIT() SI_UNIT($,.RADIAN.) );
#2113 = ( NAMED_UNIT(*) SI_UNIT($,.STERADIAN.) SOLID_ANGLE_UNIT() );
#2114 = UNCERTAINTY_MEASURE_WITH_UNIT(LENGTH_MEASURE(1.E-07),#2111,
  'distance_accuracy_value','confusion accuracy');
#2115 = CONTEXT_DEPENDENT_SHAPE_REPRESENTATION(#2116,#2118);
#2116 = ( REPRESENTATION_RELATIONSHIP('','',#1959,#10) 
REPRESENTATION_RELATIONSHIP_WITH_TRANSFORMATION(#2117) 
SHAPE_REPRESENTATION_RELATIONSHIP() );
#2117 = ITEM_DEFINED_TRANSFORMATION('','',#11,#59);
#2118 = PRODUCT_DEFINITION_SHAPE('Placement','Placement of an item',
  #2119);
#2119 = NEXT_ASSEMBLY_USAGE_OCCURRENCE('21','Body011','',#5,#1954,$);
#2120 = PRODUCT_RELATED_PRODUCT_CATEGORY('part',$,(#1956));
#2121 = SHAPE_DEFINITION_REPRESENTATION(#2122,#2128);
#2122 = PRODUCT_DEFINITION_SHAPE('','',#2123);
#2123 = PRODUCT_DEFINITION('design','',#2124,#2127);
#2124 = PRODUCT_DEFINITION_FORMATION('','',#2125);
#2125 = PRODUCT('Body012','Body012','',(#2126));
#2126 = PRODUCT_CONTEXT('',#2,'mechanical');
#2127 = PRODUCT_DEFINITION_CONTEXT('part definition',#2,'design');
#2128 = ADVANCED_BREP_SHAPE_REPRESENTATION('',(#11,#2129),#2279);
#2129 = MANIFOLD_SOLID_BREP('',#2130);
#2130 = CLOSED_SHELL('',(#2131,#2171,#2202,#2233,#2255,#2267));
#2131 = ADVANCED_FACE('',(#2132),#2166,.F.);
#2132 = FACE_BOUND('',#2133,.F.);
#2133 = EDGE_LOOP('',(#2134,#2144,#2152,#2160));
#2134 = ORIENTED_EDGE('',*,*,#2135,.T.);
#2135 = EDGE_CURVE('',#2136,#2138,#2140,.T.);
#2136 = VERTEX_POINT('',#2137);
#2137 = CARTESIAN_POINT('',(-1.31781396906E-15,-11.749759,3.423271));
#2138 = VERTEX_POINT('',#2139);
#2139 = CARTESIAN_POINT('',(0.6,-11.749759,3.423271));
#2140 = LINE('',#2141,#2142);
#2141 = CARTESIAN_POINT('',(-1.31781396906E-15,-11.749759,3.423271));
#2142 = VECTOR('',#2143,1.);
#2143 = DIRECTION('',(1.,-2.22044604925E-16,1.110223024625E-16));
#2144 = ORIENTED_EDGE('',*,*,#2145,.T.);
#2145 = EDGE_CURVE('',#2138,#2146,#2148,.T.);
#2146 = VERTEX_POINT('',#2147);
#2147 = CARTESIAN_POINT('',(0.6,-11.149759,3.423271));
#2148 = LINE('',#2149,#2150);
#2149 = CARTESIAN_POINT('',(0.6,-11.749759,3.423271));
#2150 = VECTOR('',#2151,1.);
#2151 = DIRECTION('',(-2.22044604925E-16,1.,-5.551115123126E-16));
#2152 = ORIENTED_EDGE('',*,*,#2153,.F.);
#2153 = EDGE_CURVE('',#2154,#2146,#2156,.T.);
#2154 = VERTEX_POINT('',#2155);
#2155 = CARTESIAN_POINT('',(-1.31781396906E-15,-11.149759,3.423271));
#2156 = LINE('',#2157,#2158);
#2157 = CARTESIAN_POINT('',(-1.31781396906E-15,-11.149759,3.423271));
#2158 = VECTOR('',#2159,1.);
#2159 = DIRECTION('',(1.,-2.22044604925E-16,1.110223024625E-16));
#2160 = ORIENTED_EDGE('',*,*,#2161,.F.);
#2161 = EDGE_CURVE('',#2136,#2154,#2162,.T.);
#2162 = LINE('',#2163,#2164);
#2163 = CARTESIAN_POINT('',(5.310377693135E-16,-11.749759,3.423271));
#2164 = VECTOR('',#2165,1.);
#2165 = DIRECTION('',(-2.22044604925E-16,1.,-5.551115123126E-16));
#2166 = PLANE('',#2167);
#2167 = AXIS2_PLACEMENT_3D('',#2168,#2169,#2170);
#2168 = CARTESIAN_POINT('',(-1.31781396906E-15,-11.749759,3.423271));
#2169 = DIRECTION('',(-1.110223024625E-16,3.330669073875E-16,1.));
#2170 = DIRECTION('',(2.465190328816E-32,1.,-3.330669073875E-16));
#2171 = ADVANCED_FACE('',(#2172),#2197,.F.);
#2172 = FACE_BOUND('',#2173,.F.);
#2173 = EDGE_LOOP('',(#2174,#2175,#2183,#2191));
#2174 = ORIENTED_EDGE('',*,*,#2153,.T.);
#2175 = ORIENTED_EDGE('',*,*,#2176,.T.);
#2176 = EDGE_CURVE('',#2146,#2177,#2179,.T.);
#2177 = VERTEX_POINT('',#2178);
#2178 = CARTESIAN_POINT('',(0.6,-11.149759,13.423271));
#2179 = LINE('',#2180,#2181);
#2180 = CARTESIAN_POINT('',(0.6,-11.149759,3.423271));
#2181 = VECTOR('',#2182,1.);
#2182 = DIRECTION('',(-5.551115123126E-16,-1.110223024625E-16,1.));
#2183 = ORIENTED_EDGE('',*,*,#2184,.F.);
#2184 = EDGE_CURVE('',#2185,#2177,#2187,.T.);
#2185 = VERTEX_POINT('',#2186);
#2186 = CARTESIAN_POINT('',(-4.648483042935E-15,-11.149759,13.423271));
#2187 = LINE('',#2188,#2189);
#2188 = CARTESIAN_POINT('',(-4.648483042935E-15,-11.149759,13.423271));
#2189 = VECTOR('',#2190,1.);
#2190 = DIRECTION('',(1.,-2.22044604925E-16,1.110223024625E-16));
#2191 = ORIENTED_EDGE('',*,*,#2192,.F.);
#2192 = EDGE_CURVE('',#2154,#2185,#2193,.T.);
#2193 = LINE('',#2194,#2195);
#2194 = CARTESIAN_POINT('',(3.978110063585E-16,-11.149759,3.423271));
#2195 = VECTOR('',#2196,1.);
#2196 = DIRECTION('',(-5.551115123126E-16,-1.110223024625E-16,1.));
#2197 = PLANE('',#2198);
#2198 = AXIS2_PLACEMENT_3D('',#2199,#2200,#2201);
#2199 = CARTESIAN_POINT('',(-1.31781396906E-15,-11.149759,3.423271));
#2200 = DIRECTION('',(-2.22044604925E-16,-1.,1.110223024625E-16));
#2201 = DIRECTION('',(-3.330669073875E-16,1.110223024625E-16,1.));
#2202 = ADVANCED_FACE('',(#2203),#2228,.F.);
#2203 = FACE_BOUND('',#2204,.F.);
#2204 = EDGE_LOOP('',(#2205,#2206,#2214,#2222));
#2205 = ORIENTED_EDGE('',*,*,#2184,.T.);
#2206 = ORIENTED_EDGE('',*,*,#2207,.T.);
#2207 = EDGE_CURVE('',#2177,#2208,#2210,.T.);
#2208 = VERTEX_POINT('',#2209);
#2209 = CARTESIAN_POINT('',(0.6,-11.749759,13.423271));
#2210 = LINE('',#2211,#2212);
#2211 = CARTESIAN_POINT('',(0.6,-11.149759,13.423271));
#2212 = VECTOR('',#2213,1.);
#2213 = DIRECTION('',(2.22044604925E-16,-1.,5.551115123126E-16));
#2214 = ORIENTED_EDGE('',*,*,#2215,.F.);
#2215 = EDGE_CURVE('',#2216,#2208,#2218,.T.);
#2216 = VERTEX_POINT('',#2217);
#2217 = CARTESIAN_POINT('',(-4.648483042935E-15,-11.749759,13.423271));
#2218 = LINE('',#2219,#2220);
#2219 = CARTESIAN_POINT('',(-4.648483042935E-15,-11.749759,13.423271));
#2220 = VECTOR('',#2221,1.);
#2221 = DIRECTION('',(1.,-2.22044604925E-16,1.110223024625E-16));
#2222 = ORIENTED_EDGE('',*,*,#2223,.F.);
#2223 = EDGE_CURVE('',#2185,#2216,#2224,.T.);
#2224 = LINE('',#2225,#2226);
#2225 = CARTESIAN_POINT('',(-5.153304116767E-15,-11.149759,13.423271));
#2226 = VECTOR('',#2227,1.);
#2227 = DIRECTION('',(2.22044604925E-16,-1.,5.551115123126E-16));
#2228 = PLANE('',#2229);
#2229 = AXIS2_PLACEMENT_3D('',#2230,#2231,#2232);
#2230 = CARTESIAN_POINT('',(-4.648483042935E-15,-11.149759,13.423271));
#2231 = DIRECTION('',(1.110223024625E-16,-3.330669073875E-16,-1.));
#2232 = DIRECTION('',(-2.465190328816E-32,-1.,3.330669073875E-16));
#2233 = ADVANCED_FACE('',(#2234),#2250,.F.);
#2234 = FACE_BOUND('',#2235,.F.);
#2235 = EDGE_LOOP('',(#2236,#2237,#2243,#2244));
#2236 = ORIENTED_EDGE('',*,*,#2215,.T.);
#2237 = ORIENTED_EDGE('',*,*,#2238,.T.);
#2238 = EDGE_CURVE('',#2208,#2138,#2239,.T.);
#2239 = LINE('',#2240,#2241);
#2240 = CARTESIAN_POINT('',(0.6,-11.749759,13.423271));
#2241 = VECTOR('',#2242,1.);
#2242 = DIRECTION('',(5.551115123126E-16,1.110223024625E-16,-1.));
#2243 = ORIENTED_EDGE('',*,*,#2135,.F.);
#2244 = ORIENTED_EDGE('',*,*,#2245,.F.);
#2245 = EDGE_CURVE('',#2216,#2136,#2246,.T.);
#2246 = LINE('',#2247,#2248);
#2247 = CARTESIAN_POINT('',(-5.020077353812E-15,-11.749759,13.423271));
#2248 = VECTOR('',#2249,1.);
#2249 = DIRECTION('',(5.551115123126E-16,1.110223024625E-16,-1.));
#2250 = PLANE('',#2251);
#2251 = AXIS2_PLACEMENT_3D('',#2252,#2253,#2254);
#2252 = CARTESIAN_POINT('',(-4.648483042935E-15,-11.749759,13.423271));
#2253 = DIRECTION('',(2.22044604925E-16,1.,-1.110223024625E-16));
#2254 = DIRECTION('',(3.330669073875E-16,-1.110223024625E-16,-1.));
#2255 = ADVANCED_FACE('',(#2256),#2262,.F.);
#2256 = FACE_BOUND('',#2257,.F.);
#2257 = EDGE_LOOP('',(#2258,#2259,#2260,#2261));
#2258 = ORIENTED_EDGE('',*,*,#2161,.T.);
#2259 = ORIENTED_EDGE('',*,*,#2192,.T.);
#2260 = ORIENTED_EDGE('',*,*,#2223,.T.);
#2261 = ORIENTED_EDGE('',*,*,#2245,.T.);
#2262 = PLANE('',#2263);
#2263 = AXIS2_PLACEMENT_3D('',#2264,#2265,#2266);
#2264 = CARTESIAN_POINT('',(-2.311133173727E-15,-11.449759,8.423271));
#2265 = DIRECTION('',(1.,-4.440892098501E-16,-1.110223024625E-16));
#2266 = DIRECTION('',(-5.551115123126E-16,-1.110223024625E-16,1.));
#2267 = ADVANCED_FACE('',(#2268),#2274,.T.);
#2268 = FACE_BOUND('',#2269,.T.);
#2269 = EDGE_LOOP('',(#2270,#2271,#2272,#2273));
#2270 = ORIENTED_EDGE('',*,*,#2145,.T.);
#2271 = ORIENTED_EDGE('',*,*,#2176,.T.);
#2272 = ORIENTED_EDGE('',*,*,#2207,.T.);
#2273 = ORIENTED_EDGE('',*,*,#2238,.T.);
#2274 = PLANE('',#2275);
#2275 = AXIS2_PLACEMENT_3D('',#2276,#2277,#2278);
#2276 = CARTESIAN_POINT('',(0.6,-11.449759,8.423271));
#2277 = DIRECTION('',(1.,-4.440892098501E-16,-1.110223024625E-16));
#2278 = DIRECTION('',(-5.551115123126E-16,-1.110223024625E-16,1.));
#2279 = ( GEOMETRIC_REPRESENTATION_CONTEXT(3) 
GLOBAL_UNCERTAINTY_ASSIGNED_CONTEXT((#2283)) 
GLOBAL_UNIT_ASSIGNED_CONTEXT((#2280,#2281,#2282)) REPRESENTATION_CONTEXT
('Context #1','3D Context with UNIT and UNCERTAINTY') );
#2280 = ( LENGTH_UNIT() NAMED_UNIT(*) SI_UNIT(.MILLI.,.METRE.) );
#2281 = ( NAMED_UNIT(*) PLANE_ANGLE_UNIT() SI_UNIT($,.RADIAN.) );
#2282 = ( NAMED_UNIT(*) SI_UNIT($,.STERADIAN.) SOLID_ANGLE_UNIT() );
#2283 = UNCERTAINTY_MEASURE_WITH_UNIT(LENGTH_MEASURE(1.E-07),#2280,
  'distance_accuracy_value','confusion accuracy');
#2284 = CONTEXT_DEPENDENT_SHAPE_REPRESENTATION(#2285,#2287);
#2285 = ( REPRESENTATION_RELATIONSHIP('','',#2128,#10) 
REPRESENTATION_RELATIONSHIP_WITH_TRANSFORMATION(#2286) 
SHAPE_REPRESENTATION_RELATIONSHIP() );
#2286 = ITEM_DEFINED_TRANSFORMATION('','',#11,#63);
#2287 = PRODUCT_DEFINITION_SHAPE('Placement','Placement of an item',
  #2288);
#2288 = NEXT_ASSEMBLY_USAGE_OCCURRENCE('22','Body012','',#5,#2123,$);
#2289 = PRODUCT_RELATED_PRODUCT_CATEGORY('part',$,(#2125));
#2290 = SHAPE_DEFINITION_REPRESENTATION(#2291,#2297);
#2291 = PRODUCT_DEFINITION_SHAPE('','',#2292);
#2292 = PRODUCT_DEFINITION('design','',#2293,#2296);
#2293 = PRODUCT_DEFINITION_FORMATION('','',#2294);
#2294 = PRODUCT('Body014','Body014','',(#2295));
#2295 = PRODUCT_CONTEXT('',#2,'mechanical');
#2296 = PRODUCT_DEFINITION_CONTEXT('part definition',#2,'design');
#2297 = ADVANCED_BREP_SHAPE_REPRESENTATION('',(#11,#2298),#2448);
#2298 = MANIFOLD_SOLID_BREP('',#2299);
#2299 = CLOSED_SHELL('',(#2300,#2340,#2371,#2402,#2424,#2436));
#2300 = ADVANCED_FACE('',(#2301),#2335,.F.);
#2301 = FACE_BOUND('',#2302,.F.);
#2302 = EDGE_LOOP('',(#2303,#2313,#2321,#2329));
#2303 = ORIENTED_EDGE('',*,*,#2304,.T.);
#2304 = EDGE_CURVE('',#2305,#2307,#2309,.T.);
#2305 = VERTEX_POINT('',#2306);
#2306 = CARTESIAN_POINT('',(-1.31781396906E-15,-11.749759,3.423271));
#2307 = VERTEX_POINT('',#2308);
#2308 = CARTESIAN_POINT('',(0.6,-11.749759,3.423271));
#2309 = LINE('',#2310,#2311);
#2310 = CARTESIAN_POINT('',(-1.31781396906E-15,-11.749759,3.423271));
#2311 = VECTOR('',#2312,1.);
#2312 = DIRECTION('',(1.,-2.22044604925E-16,1.110223024625E-16));
#2313 = ORIENTED_EDGE('',*,*,#2314,.T.);
#2314 = EDGE_CURVE('',#2307,#2315,#2317,.T.);
#2315 = VERTEX_POINT('',#2316);
#2316 = CARTESIAN_POINT('',(0.6,-11.149759,3.423271));
#2317 = LINE('',#2318,#2319);
#2318 = CARTESIAN_POINT('',(0.6,-11.749759,3.423271));
#2319 = VECTOR('',#2320,1.);
#2320 = DIRECTION('',(-2.22044604925E-16,1.,-5.551115123126E-16));
#2321 = ORIENTED_EDGE('',*,*,#2322,.F.);
#2322 = EDGE_CURVE('',#2323,#2315,#2325,.T.);
#2323 = VERTEX_POINT('',#2324);
#2324 = CARTESIAN_POINT('',(-1.31781396906E-15,-11.149759,3.423271));
#2325 = LINE('',#2326,#2327);
#2326 = CARTESIAN_POINT('',(-1.31781396906E-15,-11.149759,3.423271));
#2327 = VECTOR('',#2328,1.);
#2328 = DIRECTION('',(1.,-2.22044604925E-16,1.110223024625E-16));
#2329 = ORIENTED_EDGE('',*,*,#2330,.F.);
#2330 = EDGE_CURVE('',#2305,#2323,#2331,.T.);
#2331 = LINE('',#2332,#2333);
#2332 = CARTESIAN_POINT('',(5.310377693135E-16,-11.749759,3.423271));
#2333 = VECTOR('',#2334,1.);
#2334 = DIRECTION('',(-2.22044604925E-16,1.,-5.551115123126E-16));
#2335 = PLANE('',#2336);
#2336 = AXIS2_PLACEMENT_3D('',#2337,#2338,#2339);
#2337 = CARTESIAN_POINT('',(-1.31781396906E-15,-11.749759,3.423271));
#2338 = DIRECTION('',(-1.110223024625E-16,3.330669073875E-16,1.));
#2339 = DIRECTION('',(2.465190328816E-32,1.,-3.330669073875E-16));
#2340 = ADVANCED_FACE('',(#2341),#2366,.F.);
#2341 = FACE_BOUND('',#2342,.F.);
#2342 = EDGE_LOOP('',(#2343,#2344,#2352,#2360));
#2343 = ORIENTED_EDGE('',*,*,#2322,.T.);
#2344 = ORIENTED_EDGE('',*,*,#2345,.T.);
#2345 = EDGE_CURVE('',#2315,#2346,#2348,.T.);
#2346 = VERTEX_POINT('',#2347);
#2347 = CARTESIAN_POINT('',(0.6,-11.149759,13.423271));
#2348 = LINE('',#2349,#2350);
#2349 = CARTESIAN_POINT('',(0.6,-11.149759,3.423271));
#2350 = VECTOR('',#2351,1.);
#2351 = DIRECTION('',(-5.551115123126E-16,-1.110223024625E-16,1.));
#2352 = ORIENTED_EDGE('',*,*,#2353,.F.);
#2353 = EDGE_CURVE('',#2354,#2346,#2356,.T.);
#2354 = VERTEX_POINT('',#2355);
#2355 = CARTESIAN_POINT('',(-4.648483042935E-15,-11.149759,13.423271));
#2356 = LINE('',#2357,#2358);
#2357 = CARTESIAN_POINT('',(-4.648483042935E-15,-11.149759,13.423271));
#2358 = VECTOR('',#2359,1.);
#2359 = DIRECTION('',(1.,-2.22044604925E-16,1.110223024625E-16));
#2360 = ORIENTED_EDGE('',*,*,#2361,.F.);
#2361 = EDGE_CURVE('',#2323,#2354,#2362,.T.);
#2362 = LINE('',#2363,#2364);
#2363 = CARTESIAN_POINT('',(3.978110063585E-16,-11.149759,3.423271));
#2364 = VECTOR('',#2365,1.);
#2365 = DIRECTION('',(-5.551115123126E-16,-1.110223024625E-16,1.));
#2366 = PLANE('',#2367);
#2367 = AXIS2_PLACEMENT_3D('',#2368,#2369,#2370);
#2368 = CARTESIAN_POINT('',(-1.31781396906E-15,-11.149759,3.423271));
#2369 = DIRECTION('',(-2.22044604925E-16,-1.,1.110223024625E-16));
#2370 = DIRECTION('',(-3.330669073875E-16,1.110223024625E-16,1.));
#2371 = ADVANCED_FACE('',(#2372),#2397,.F.);
#2372 = FACE_BOUND('',#2373,.F.);
#2373 = EDGE_LOOP('',(#2374,#2375,#2383,#2391));
#2374 = ORIENTED_EDGE('',*,*,#2353,.T.);
#2375 = ORIENTED_EDGE('',*,*,#2376,.T.);
#2376 = EDGE_CURVE('',#2346,#2377,#2379,.T.);
#2377 = VERTEX_POINT('',#2378);
#2378 = CARTESIAN_POINT('',(0.6,-11.749759,13.423271));
#2379 = LINE('',#2380,#2381);
#2380 = CARTESIAN_POINT('',(0.6,-11.149759,13.423271));
#2381 = VECTOR('',#2382,1.);
#2382 = DIRECTION('',(2.22044604925E-16,-1.,5.551115123126E-16));
#2383 = ORIENTED_EDGE('',*,*,#2384,.F.);
#2384 = EDGE_CURVE('',#2385,#2377,#2387,.T.);
#2385 = VERTEX_POINT('',#2386);
#2386 = CARTESIAN_POINT('',(-4.648483042935E-15,-11.749759,13.423271));
#2387 = LINE('',#2388,#2389);
#2388 = CARTESIAN_POINT('',(-4.648483042935E-15,-11.749759,13.423271));
#2389 = VECTOR('',#2390,1.);
#2390 = DIRECTION('',(1.,-2.22044604925E-16,1.110223024625E-16));
#2391 = ORIENTED_EDGE('',*,*,#2392,.F.);
#2392 = EDGE_CURVE('',#2354,#2385,#2393,.T.);
#2393 = LINE('',#2394,#2395);
#2394 = CARTESIAN_POINT('',(-5.153304116767E-15,-11.149759,13.423271));
#2395 = VECTOR('',#2396,1.);
#2396 = DIRECTION('',(2.22044604925E-16,-1.,5.551115123126E-16));
#2397 = PLANE('',#2398);
#2398 = AXIS2_PLACEMENT_3D('',#2399,#2400,#2401);
#2399 = CARTESIAN_POINT('',(-4.648483042935E-15,-11.149759,13.423271));
#2400 = DIRECTION('',(1.110223024625E-16,-3.330669073875E-16,-1.));
#2401 = DIRECTION('',(-2.465190328816E-32,-1.,3.330669073875E-16));
#2402 = ADVANCED_FACE('',(#2403),#2419,.F.);
#2403 = FACE_BOUND('',#2404,.F.);
#2404 = EDGE_LOOP('',(#2405,#2406,#2412,#2413));
#2405 = ORIENTED_EDGE('',*,*,#2384,.T.);
#2406 = ORIENTED_EDGE('',*,*,#2407,.T.);
#2407 = EDGE_CURVE('',#2377,#2307,#2408,.T.);
#2408 = LINE('',#2409,#2410);
#2409 = CARTESIAN_POINT('',(0.6,-11.749759,13.423271));
#2410 = VECTOR('',#2411,1.);
#2411 = DIRECTION('',(5.551115123126E-16,1.110223024625E-16,-1.));
#2412 = ORIENTED_EDGE('',*,*,#2304,.F.);
#2413 = ORIENTED_EDGE('',*,*,#2414,.F.);
#2414 = EDGE_CURVE('',#2385,#2305,#2415,.T.);
#2415 = LINE('',#2416,#2417);
#2416 = CARTESIAN_POINT('',(-5.020077353812E-15,-11.749759,13.423271));
#2417 = VECTOR('',#2418,1.);
#2418 = DIRECTION('',(5.551115123126E-16,1.110223024625E-16,-1.));
#2419 = PLANE('',#2420);
#2420 = AXIS2_PLACEMENT_3D('',#2421,#2422,#2423);
#2421 = CARTESIAN_POINT('',(-4.648483042935E-15,-11.749759,13.423271));
#2422 = DIRECTION('',(2.22044604925E-16,1.,-1.110223024625E-16));
#2423 = DIRECTION('',(3.330669073875E-16,-1.110223024625E-16,-1.));
#2424 = ADVANCED_FACE('',(#2425),#2431,.F.);
#2425 = FACE_BOUND('',#2426,.F.);
#2426 = EDGE_LOOP('',(#2427,#2428,#2429,#2430));
#2427 = ORIENTED_EDGE('',*,*,#2330,.T.);
#2428 = ORIENTED_EDGE('',*,*,#2361,.T.);
#2429 = ORIENTED_EDGE('',*,*,#2392,.T.);
#2430 = ORIENTED_EDGE('',*,*,#2414,.T.);
#2431 = PLANE('',#2432);
#2432 = AXIS2_PLACEMENT_3D('',#2433,#2434,#2435);
#2433 = CARTESIAN_POINT('',(-2.311133173727E-15,-11.449759,8.423271));
#2434 = DIRECTION('',(1.,-4.440892098501E-16,-1.110223024625E-16));
#2435 = DIRECTION('',(-5.551115123126E-16,-1.110223024625E-16,1.));
#2436 = ADVANCED_FACE('',(#2437),#2443,.T.);
#2437 = FACE_BOUND('',#2438,.T.);
#2438 = EDGE_LOOP('',(#2439,#2440,#2441,#2442));
#2439 = ORIENTED_EDGE('',*,*,#2314,.T.);
#2440 = ORIENTED_EDGE('',*,*,#2345,.T.);
#2441 = ORIENTED_EDGE('',*,*,#2376,.T.);
#2442 = ORIENTED_EDGE('',*,*,#2407,.T.);
#2443 = PLANE('',#2444);
#2444 = AXIS2_PLACEMENT_3D('',#2445,#2446,#2447);
#2445 = CARTESIAN_POINT('',(0.6,-11.449759,8.423271));
#2446 = DIRECTION('',(1.,-4.440892098501E-16,-1.110223024625E-16));
#2447 = DIRECTION('',(-5.551115123126E-16,-1.110223024625E-16,1.));
#2448 = ( GEOMETRIC_REPRESENTATION_CONTEXT(3) 
GLOBAL_UNCERTAINTY_ASSIGNED_CONTEXT((#2452)) 
GLOBAL_UNIT_ASSIGNED_CONTEXT((#2449,#2450,#2451)) REPRESENTATION_CONTEXT
('Context #1','3D Context with UNIT and UNCERTAINTY') );
#2449 = ( LENGTH_UNIT() NAMED_UNIT(*) SI_UNIT(.MILLI.,.METRE.) );
#2450 = ( NAMED_UNIT(*) PLANE_ANGLE_UNIT() SI_UNIT($,.RADIAN.) );
#2451 = ( NAMED_UNIT(*) SI_UNIT($,.STERADIAN.) SOLID_ANGLE_UNIT() );
#2452 = UNCERTAINTY_MEASURE_WITH_UNIT(LENGTH_MEASURE(1.E-07),#2449,
  'distance_accuracy_value','confusion accuracy');
#2453 = CONTEXT_DEPENDENT_SHAPE_REPRESENTATION(#2454,#2456);
#2454 = ( REPRESENTATION_RELATIONSHIP('','',#2297,#10) 
REPRESENTATION_RELATIONSHIP_WITH_TRANSFORMATION(#2455) 
SHAPE_REPRESENTATION_RELATIONSHIP() );
#2455 = ITEM_DEFINED_TRANSFORMATION('','',#11,#67);
#2456 = PRODUCT_DEFINITION_SHAPE('Placement','Placement of an item',
  #2457);
#2457 = NEXT_ASSEMBLY_USAGE_OCCURRENCE('23','Body014','',#5,#2292,$);
#2458 = PRODUCT_RELATED_PRODUCT_CATEGORY('part',$,(#2294));
#2459 = SHAPE_DEFINITION_REPRESENTATION(#2460,#2466);
#2460 = PRODUCT_DEFINITION_SHAPE('','',#2461);
#2461 = PRODUCT_DEFINITION('design','',#2462,#2465);
#2462 = PRODUCT_DEFINITION_FORMATION('','',#2463);
#2463 = PRODUCT('Body015','Body015','',(#2464));
#2464 = PRODUCT_CONTEXT('',#2,'mechanical');
#2465 = PRODUCT_DEFINITION_CONTEXT('part definition',#2,'design');
#2466 = ADVANCED_BREP_SHAPE_REPRESENTATION('',(#11,#2467),#2617);
#2467 = MANIFOLD_SOLID_BREP('',#2468);
#2468 = CLOSED_SHELL('',(#2469,#2509,#2540,#2571,#2593,#2605));
#2469 = ADVANCED_FACE('',(#2470),#2504,.F.);
#2470 = FACE_BOUND('',#2471,.F.);
#2471 = EDGE_LOOP('',(#2472,#2482,#2490,#2498));
#2472 = ORIENTED_EDGE('',*,*,#2473,.T.);
#2473 = EDGE_CURVE('',#2474,#2476,#2478,.T.);
#2474 = VERTEX_POINT('',#2475);
#2475 = CARTESIAN_POINT('',(-1.31781396906E-15,-11.749759,3.423271));
#2476 = VERTEX_POINT('',#2477);
#2477 = CARTESIAN_POINT('',(0.6,-11.749759,3.423271));
#2478 = LINE('',#2479,#2480);
#2479 = CARTESIAN_POINT('',(-1.31781396906E-15,-11.749759,3.423271));
#2480 = VECTOR('',#2481,1.);
#2481 = DIRECTION('',(1.,-2.22044604925E-16,1.110223024625E-16));
#2482 = ORIENTED_EDGE('',*,*,#2483,.T.);
#2483 = EDGE_CURVE('',#2476,#2484,#2486,.T.);
#2484 = VERTEX_POINT('',#2485);
#2485 = CARTESIAN_POINT('',(0.6,-11.149759,3.423271));
#2486 = LINE('',#2487,#2488);
#2487 = CARTESIAN_POINT('',(0.6,-11.749759,3.423271));
#2488 = VECTOR('',#2489,1.);
#2489 = DIRECTION('',(-2.22044604925E-16,1.,-5.551115123126E-16));
#2490 = ORIENTED_EDGE('',*,*,#2491,.F.);
#2491 = EDGE_CURVE('',#2492,#2484,#2494,.T.);
#2492 = VERTEX_POINT('',#2493);
#2493 = CARTESIAN_POINT('',(-1.31781396906E-15,-11.149759,3.423271));
#2494 = LINE('',#2495,#2496);
#2495 = CARTESIAN_POINT('',(-1.31781396906E-15,-11.149759,3.423271));
#2496 = VECTOR('',#2497,1.);
#2497 = DIRECTION('',(1.,-2.22044604925E-16,1.110223024625E-16));
#2498 = ORIENTED_EDGE('',*,*,#2499,.F.);
#2499 = EDGE_CURVE('',#2474,#2492,#2500,.T.);
#2500 = LINE('',#2501,#2502);
#2501 = CARTESIAN_POINT('',(5.310377693135E-16,-11.749759,3.423271));
#2502 = VECTOR('',#2503,1.);
#2503 = DIRECTION('',(-2.22044604925E-16,1.,-5.551115123126E-16));
#2504 = PLANE('',#2505);
#2505 = AXIS2_PLACEMENT_3D('',#2506,#2507,#2508);
#2506 = CARTESIAN_POINT('',(-1.31781396906E-15,-11.749759,3.423271));
#2507 = DIRECTION('',(-1.110223024625E-16,3.330669073875E-16,1.));
#2508 = DIRECTION('',(2.465190328816E-32,1.,-3.330669073875E-16));
#2509 = ADVANCED_FACE('',(#2510),#2535,.F.);
#2510 = FACE_BOUND('',#2511,.F.);
#2511 = EDGE_LOOP('',(#2512,#2513,#2521,#2529));
#2512 = ORIENTED_EDGE('',*,*,#2491,.T.);
#2513 = ORIENTED_EDGE('',*,*,#2514,.T.);
#2514 = EDGE_CURVE('',#2484,#2515,#2517,.T.);
#2515 = VERTEX_POINT('',#2516);
#2516 = CARTESIAN_POINT('',(0.6,-11.149759,13.423271));
#2517 = LINE('',#2518,#2519);
#2518 = CARTESIAN_POINT('',(0.6,-11.149759,3.423271));
#2519 = VECTOR('',#2520,1.);
#2520 = DIRECTION('',(-5.551115123126E-16,-1.110223024625E-16,1.));
#2521 = ORIENTED_EDGE('',*,*,#2522,.F.);
#2522 = EDGE_CURVE('',#2523,#2515,#2525,.T.);
#2523 = VERTEX_POINT('',#2524);
#2524 = CARTESIAN_POINT('',(-4.648483042935E-15,-11.149759,13.423271));
#2525 = LINE('',#2526,#2527);
#2526 = CARTESIAN_POINT('',(-4.648483042935E-15,-11.149759,13.423271));
#2527 = VECTOR('',#2528,1.);
#2528 = DIRECTION('',(1.,-2.22044604925E-16,1.110223024625E-16));
#2529 = ORIENTED_EDGE('',*,*,#2530,.F.);
#2530 = EDGE_CURVE('',#2492,#2523,#2531,.T.);
#2531 = LINE('',#2532,#2533);
#2532 = CARTESIAN_POINT('',(3.978110063585E-16,-11.149759,3.423271));
#2533 = VECTOR('',#2534,1.);
#2534 = DIRECTION('',(-5.551115123126E-16,-1.110223024625E-16,1.));
#2535 = PLANE('',#2536);
#2536 = AXIS2_PLACEMENT_3D('',#2537,#2538,#2539);
#2537 = CARTESIAN_POINT('',(-1.31781396906E-15,-11.149759,3.423271));
#2538 = DIRECTION('',(-2.22044604925E-16,-1.,1.110223024625E-16));
#2539 = DIRECTION('',(-3.330669073875E-16,1.110223024625E-16,1.));
#2540 = ADVANCED_FACE('',(#2541),#2566,.F.);
#2541 = FACE_BOUND('',#2542,.F.);
#2542 = EDGE_LOOP('',(#2543,#2544,#2552,#2560));
#2543 = ORIENTED_EDGE('',*,*,#2522,.T.);
#2544 = ORIENTED_EDGE('',*,*,#2545,.T.);
#2545 = EDGE_CURVE('',#2515,#2546,#2548,.T.);
#2546 = VERTEX_POINT('',#2547);
#2547 = CARTESIAN_POINT('',(0.6,-11.749759,13.423271));
#2548 = LINE('',#2549,#2550);
#2549 = CARTESIAN_POINT('',(0.6,-11.149759,13.423271));
#2550 = VECTOR('',#2551,1.);
#2551 = DIRECTION('',(2.22044604925E-16,-1.,5.551115123126E-16));
#2552 = ORIENTED_EDGE('',*,*,#2553,.F.);
#2553 = EDGE_CURVE('',#2554,#2546,#2556,.T.);
#2554 = VERTEX_POINT('',#2555);
#2555 = CARTESIAN_POINT('',(-4.648483042935E-15,-11.749759,13.423271));
#2556 = LINE('',#2557,#2558);
#2557 = CARTESIAN_POINT('',(-4.648483042935E-15,-11.749759,13.423271));
#2558 = VECTOR('',#2559,1.);
#2559 = DIRECTION('',(1.,-2.22044604925E-16,1.110223024625E-16));
#2560 = ORIENTED_EDGE('',*,*,#2561,.F.);
#2561 = EDGE_CURVE('',#2523,#2554,#2562,.T.);
#2562 = LINE('',#2563,#2564);
#2563 = CARTESIAN_POINT('',(-5.153304116767E-15,-11.149759,13.423271));
#2564 = VECTOR('',#2565,1.);
#2565 = DIRECTION('',(2.22044604925E-16,-1.,5.551115123126E-16));
#2566 = PLANE('',#2567);
#2567 = AXIS2_PLACEMENT_3D('',#2568,#2569,#2570);
#2568 = CARTESIAN_POINT('',(-4.648483042935E-15,-11.149759,13.423271));
#2569 = DIRECTION('',(1.110223024625E-16,-3.330669073875E-16,-1.));
#2570 = DIRECTION('',(-2.465190328816E-32,-1.,3.330669073875E-16));
#2571 = ADVANCED_FACE('',(#2572),#2588,.F.);
#2572 = FACE_BOUND('',#2573,.F.);
#2573 = EDGE_LOOP('',(#2574,#2575,#2581,#2582));
#2574 = ORIENTED_EDGE('',*,*,#2553,.T.);
#2575 = ORIENTED_EDGE('',*,*,#2576,.T.);
#2576 = EDGE_CURVE('',#2546,#2476,#2577,.T.);
#2577 = LINE('',#2578,#2579);
#2578 = CARTESIAN_POINT('',(0.6,-11.749759,13.423271));
#2579 = VECTOR('',#2580,1.);
#2580 = DIRECTION('',(5.551115123126E-16,1.110223024625E-16,-1.));
#2581 = ORIENTED_EDGE('',*,*,#2473,.F.);
#2582 = ORIENTED_EDGE('',*,*,#2583,.F.);
#2583 = EDGE_CURVE('',#2554,#2474,#2584,.T.);
#2584 = LINE('',#2585,#2586);
#2585 = CARTESIAN_POINT('',(-5.020077353812E-15,-11.749759,13.423271));
#2586 = VECTOR('',#2587,1.);
#2587 = DIRECTION('',(5.551115123126E-16,1.110223024625E-16,-1.));
#2588 = PLANE('',#2589);
#2589 = AXIS2_PLACEMENT_3D('',#2590,#2591,#2592);
#2590 = CARTESIAN_POINT('',(-4.648483042935E-15,-11.749759,13.423271));
#2591 = DIRECTION('',(2.22044604925E-16,1.,-1.110223024625E-16));
#2592 = DIRECTION('',(3.330669073875E-16,-1.110223024625E-16,-1.));
#2593 = ADVANCED_FACE('',(#2594),#2600,.F.);
#2594 = FACE_BOUND('',#2595,.F.);
#2595 = EDGE_LOOP('',(#2596,#2597,#2598,#2599));
#2596 = ORIENTED_EDGE('',*,*,#2499,.T.);
#2597 = ORIENTED_EDGE('',*,*,#2530,.T.);
#2598 = ORIENTED_EDGE('',*,*,#2561,.T.);
#2599 = ORIENTED_EDGE('',*,*,#2583,.T.);
#2600 = PLANE('',#2601);
#2601 = AXIS2_PLACEMENT_3D('',#2602,#2603,#2604);
#2602 = CARTESIAN_POINT('',(-2.311133173727E-15,-11.449759,8.423271));
#2603 = DIRECTION('',(1.,-4.440892098501E-16,-1.110223024625E-16));
#2604 = DIRECTION('',(-5.551115123126E-16,-1.110223024625E-16,1.));
#2605 = ADVANCED_FACE('',(#2606),#2612,.T.);
#2606 = FACE_BOUND('',#2607,.T.);
#2607 = EDGE_LOOP('',(#2608,#2609,#2610,#2611));
#2608 = ORIENTED_EDGE('',*,*,#2483,.T.);
#2609 = ORIENTED_EDGE('',*,*,#2514,.T.);
#2610 = ORIENTED_EDGE('',*,*,#2545,.T.);
#2611 = ORIENTED_EDGE('',*,*,#2576,.T.);
#2612 = PLANE('',#2613);
#2613 = AXIS2_PLACEMENT_3D('',#2614,#2615,#2616);
#2614 = CARTESIAN_POINT('',(0.6,-11.449759,8.423271));
#2615 = DIRECTION('',(1.,-4.440892098501E-16,-1.110223024625E-16));
#2616 = DIRECTION('',(-5.551115123126E-16,-1.110223024625E-16,1.));
#2617 = ( GEOMETRIC_REPRESENTATION_CONTEXT(3) 
GLOBAL_UNCERTAINTY_ASSIGNED_CONTEXT((#2621)) 
GLOBAL_UNIT_ASSIGNED_CONTEXT((#2618,#2619,#2620)) REPRESENTATION_CONTEXT
('Context #1','3D Context with UNIT and UNCERTAINTY') );
#2618 = ( LENGTH_UNIT() NAMED_UNIT(*) SI_UNIT(.MILLI.,.METRE.) );
#2619 = ( NAMED_UNIT(*) PLANE_ANGLE_UNIT() SI_UNIT($,.RADIAN.) );
#2620 = ( NAMED_UNIT(*) SI_UNIT($,.STERADIAN.) SOLID_ANGLE_UNIT() );
#2621 = UNCERTAINTY_MEASURE_WITH_UNIT(LENGTH_MEASURE(1.E-07),#2618,
  'distance_accuracy_value','confusion accuracy');
#2622 = CONTEXT_DEPENDENT_SHAPE_REPRESENTATION(#2623,#2625);
#2623 = ( REPRESENTATION_RELATIONSHIP('','',#2466,#10) 
REPRESENTATION_RELATIONSHIP_WITH_TRANSFORMATION(#2624) 
SHAPE_REPRESENTATION_RELATIONSHIP() );
#2624 = ITEM_DEFINED_TRANSFORMATION('','',#11,#71);
#2625 = PRODUCT_DEFINITION_SHAPE('Placement','Placement of an item',
  #2626);
#2626 = NEXT_ASSEMBLY_USAGE_OCCURRENCE('24','Body015','',#5,#2461,$);
#2627 = PRODUCT_RELATED_PRODUCT_CATEGORY('part',$,(#2463));
#2628 = SHAPE_DEFINITION_REPRESENTATION(#2629,#2635);
#2629 = PRODUCT_DEFINITION_SHAPE('','',#2630);
#2630 = PRODUCT_DEFINITION('design','',#2631,#2634);
#2631 = PRODUCT_DEFINITION_FORMATION('','',#2632);
#2632 = PRODUCT('Body016','Body016','',(#2633));
#2633 = PRODUCT_CONTEXT('',#2,'mechanical');
#2634 = PRODUCT_DEFINITION_CONTEXT('part definition',#2,'design');
#2635 = ADVANCED_BREP_SHAPE_REPRESENTATION('',(#11,#2636),#2786);
#2636 = MANIFOLD_SOLID_BREP('',#2637);
#2637 = CLOSED_SHELL('',(#2638,#2678,#2709,#2740,#2762,#2774));
#2638 = ADVANCED_FACE('',(#2639),#2673,.F.);
#2639 = FACE_BOUND('',#2640,.F.);
#2640 = EDGE_LOOP('',(#2641,#2651,#2659,#2667));
#2641 = ORIENTED_EDGE('',*,*,#2642,.T.);
#2642 = EDGE_CURVE('',#2643,#2645,#2647,.T.);
#2643 = VERTEX_POINT('',#2644);
#2644 = CARTESIAN_POINT('',(-1.31781396906E-15,-11.749759,3.423271));
#2645 = VERTEX_POINT('',#2646);
#2646 = CARTESIAN_POINT('',(0.6,-11.749759,3.423271));
#2647 = LINE('',#2648,#2649);
#2648 = CARTESIAN_POINT('',(-1.31781396906E-15,-11.749759,3.423271));
#2649 = VECTOR('',#2650,1.);
#2650 = DIRECTION('',(1.,-2.22044604925E-16,1.110223024625E-16));
#2651 = ORIENTED_EDGE('',*,*,#2652,.T.);
#2652 = EDGE_CURVE('',#2645,#2653,#2655,.T.);
#2653 = VERTEX_POINT('',#2654);
#2654 = CARTESIAN_POINT('',(0.6,-11.149759,3.423271));
#2655 = LINE('',#2656,#2657);
#2656 = CARTESIAN_POINT('',(0.6,-11.749759,3.423271));
#2657 = VECTOR('',#2658,1.);
#2658 = DIRECTION('',(-2.22044604925E-16,1.,-5.551115123126E-16));
#2659 = ORIENTED_EDGE('',*,*,#2660,.F.);
#2660 = EDGE_CURVE('',#2661,#2653,#2663,.T.);
#2661 = VERTEX_POINT('',#2662);
#2662 = CARTESIAN_POINT('',(-1.31781396906E-15,-11.149759,3.423271));
#2663 = LINE('',#2664,#2665);
#2664 = CARTESIAN_POINT('',(-1.31781396906E-15,-11.149759,3.423271));
#2665 = VECTOR('',#2666,1.);
#2666 = DIRECTION('',(1.,-2.22044604925E-16,1.110223024625E-16));
#2667 = ORIENTED_EDGE('',*,*,#2668,.F.);
#2668 = EDGE_CURVE('',#2643,#2661,#2669,.T.);
#2669 = LINE('',#2670,#2671);
#2670 = CARTESIAN_POINT('',(5.310377693135E-16,-11.749759,3.423271));
#2671 = VECTOR('',#2672,1.);
#2672 = DIRECTION('',(-2.22044604925E-16,1.,-5.551115123126E-16));
#2673 = PLANE('',#2674);
#2674 = AXIS2_PLACEMENT_3D('',#2675,#2676,#2677);
#2675 = CARTESIAN_POINT('',(-1.31781396906E-15,-11.749759,3.423271));
#2676 = DIRECTION('',(-1.110223024625E-16,3.330669073875E-16,1.));
#2677 = DIRECTION('',(2.465190328816E-32,1.,-3.330669073875E-16));
#2678 = ADVANCED_FACE('',(#2679),#2704,.F.);
#2679 = FACE_BOUND('',#2680,.F.);
#2680 = EDGE_LOOP('',(#2681,#2682,#2690,#2698));
#2681 = ORIENTED_EDGE('',*,*,#2660,.T.);
#2682 = ORIENTED_EDGE('',*,*,#2683,.T.);
#2683 = EDGE_CURVE('',#2653,#2684,#2686,.T.);
#2684 = VERTEX_POINT('',#2685);
#2685 = CARTESIAN_POINT('',(0.6,-11.149759,13.423271));
#2686 = LINE('',#2687,#2688);
#2687 = CARTESIAN_POINT('',(0.6,-11.149759,3.423271));
#2688 = VECTOR('',#2689,1.);
#2689 = DIRECTION('',(-5.551115123126E-16,-1.110223024625E-16,1.));
#2690 = ORIENTED_EDGE('',*,*,#2691,.F.);
#2691 = EDGE_CURVE('',#2692,#2684,#2694,.T.);
#2692 = VERTEX_POINT('',#2693);
#2693 = CARTESIAN_POINT('',(-4.648483042935E-15,-11.149759,13.423271));
#2694 = LINE('',#2695,#2696);
#2695 = CARTESIAN_POINT('',(-4.648483042935E-15,-11.149759,13.423271));
#2696 = VECTOR('',#2697,1.);
#2697 = DIRECTION('',(1.,-2.22044604925E-16,1.110223024625E-16));
#2698 = ORIENTED_EDGE('',*,*,#2699,.F.);
#2699 = EDGE_CURVE('',#2661,#2692,#2700,.T.);
#2700 = LINE('',#2701,#2702);
#2701 = CARTESIAN_POINT('',(3.978110063585E-16,-11.149759,3.423271));
#2702 = VECTOR('',#2703,1.);
#2703 = DIRECTION('',(-5.551115123126E-16,-1.110223024625E-16,1.));
#2704 = PLANE('',#2705);
#2705 = AXIS2_PLACEMENT_3D('',#2706,#2707,#2708);
#2706 = CARTESIAN_POINT('',(-1.31781396906E-15,-11.149759,3.423271));
#2707 = DIRECTION('',(-2.22044604925E-16,-1.,1.110223024625E-16));
#2708 = DIRECTION('',(-3.330669073875E-16,1.110223024625E-16,1.));
#2709 = ADVANCED_FACE('',(#2710),#2735,.F.);
#2710 = FACE_BOUND('',#2711,.F.);
#2711 = EDGE_LOOP('',(#2712,#2713,#2721,#2729));
#2712 = ORIENTED_EDGE('',*,*,#2691,.T.);
#2713 = ORIENTED_EDGE('',*,*,#2714,.T.);
#2714 = EDGE_CURVE('',#2684,#2715,#2717,.T.);
#2715 = VERTEX_POINT('',#2716);
#2716 = CARTESIAN_POINT('',(0.6,-11.749759,13.423271));
#2717 = LINE('',#2718,#2719);
#2718 = CARTESIAN_POINT('',(0.6,-11.149759,13.423271));
#2719 = VECTOR('',#2720,1.);
#2720 = DIRECTION('',(2.22044604925E-16,-1.,5.551115123126E-16));
#2721 = ORIENTED_EDGE('',*,*,#2722,.F.);
#2722 = EDGE_CURVE('',#2723,#2715,#2725,.T.);
#2723 = VERTEX_POINT('',#2724);
#2724 = CARTESIAN_POINT('',(-4.648483042935E-15,-11.749759,13.423271));
#2725 = LINE('',#2726,#2727);
#2726 = CARTESIAN_POINT('',(-4.648483042935E-15,-11.749759,13.423271));
#2727 = VECTOR('',#2728,1.);
#2728 = DIRECTION('',(1.,-2.22044604925E-16,1.110223024625E-16));
#2729 = ORIENTED_EDGE('',*,*,#2730,.F.);
#2730 = EDGE_CURVE('',#2692,#2723,#2731,.T.);
#2731 = LINE('',#2732,#2733);
#2732 = CARTESIAN_POINT('',(-5.153304116767E-15,-11.149759,13.423271));
#2733 = VECTOR('',#2734,1.);
#2734 = DIRECTION('',(2.22044604925E-16,-1.,5.551115123126E-16));
#2735 = PLANE('',#2736);
#2736 = AXIS2_PLACEMENT_3D('',#2737,#2738,#2739);
#2737 = CARTESIAN_POINT('',(-4.648483042935E-15,-11.149759,13.423271));
#2738 = DIRECTION('',(1.110223024625E-16,-3.330669073875E-16,-1.));
#2739 = DIRECTION('',(-2.465190328816E-32,-1.,3.330669073875E-16));
#2740 = ADVANCED_FACE('',(#2741),#2757,.F.);
#2741 = FACE_BOUND('',#2742,.F.);
#2742 = EDGE_LOOP('',(#2743,#2744,#2750,#2751));
#2743 = ORIENTED_EDGE('',*,*,#2722,.T.);
#2744 = ORIENTED_EDGE('',*,*,#2745,.T.);
#2745 = EDGE_CURVE('',#2715,#2645,#2746,.T.);
#2746 = LINE('',#2747,#2748);
#2747 = CARTESIAN_POINT('',(0.6,-11.749759,13.423271));
#2748 = VECTOR('',#2749,1.);
#2749 = DIRECTION('',(5.551115123126E-16,1.110223024625E-16,-1.));
#2750 = ORIENTED_EDGE('',*,*,#2642,.F.);
#2751 = ORIENTED_EDGE('',*,*,#2752,.F.);
#2752 = EDGE_CURVE('',#2723,#2643,#2753,.T.);
#2753 = LINE('',#2754,#2755);
#2754 = CARTESIAN_POINT('',(-5.020077353812E-15,-11.749759,13.423271));
#2755 = VECTOR('',#2756,1.);
#2756 = DIRECTION('',(5.551115123126E-16,1.110223024625E-16,-1.));
#2757 = PLANE('',#2758);
#2758 = AXIS2_PLACEMENT_3D('',#2759,#2760,#2761);
#2759 = CARTESIAN_POINT('',(-4.648483042935E-15,-11.749759,13.423271));
#2760 = DIRECTION('',(2.22044604925E-16,1.,-1.110223024625E-16));
#2761 = DIRECTION('',(3.330669073875E-16,-1.110223024625E-16,-1.));
#2762 = ADVANCED_FACE('',(#2763),#2769,.F.);
#2763 = FACE_BOUND('',#2764,.F.);
#2764 = EDGE_LOOP('',(#2765,#2766,#2767,#2768));
#2765 = ORIENTED_EDGE('',*,*,#2668,.T.);
#2766 = ORIENTED_EDGE('',*,*,#2699,.T.);
#2767 = ORIENTED_EDGE('',*,*,#2730,.T.);
#2768 = ORIENTED_EDGE('',*,*,#2752,.T.);
#2769 = PLANE('',#2770);
#2770 = AXIS2_PLACEMENT_3D('',#2771,#2772,#2773);
#2771 = CARTESIAN_POINT('',(-2.311133173727E-15,-11.449759,8.423271));
#2772 = DIRECTION('',(1.,-4.440892098501E-16,-1.110223024625E-16));
#2773 = DIRECTION('',(-5.551115123126E-16,-1.110223024625E-16,1.));
#2774 = ADVANCED_FACE('',(#2775),#2781,.T.);
#2775 = FACE_BOUND('',#2776,.T.);
#2776 = EDGE_LOOP('',(#2777,#2778,#2779,#2780));
#2777 = ORIENTED_EDGE('',*,*,#2652,.T.);
#2778 = ORIENTED_EDGE('',*,*,#2683,.T.);
#2779 = ORIENTED_EDGE('',*,*,#2714,.T.);
#2780 = ORIENTED_EDGE('',*,*,#2745,.T.);
#2781 = PLANE('',#2782);
#2782 = AXIS2_PLACEMENT_3D('',#2783,#2784,#2785);
#2783 = CARTESIAN_POINT('',(0.6,-11.449759,8.423271));
#2784 = DIRECTION('',(1.,-4.440892098501E-16,-1.110223024625E-16));
#2785 = DIRECTION('',(-5.551115123126E-16,-1.110223024625E-16,1.));
#2786 = ( GEOMETRIC_REPRESENTATION_CONTEXT(3) 
GLOBAL_UNCERTAINTY_ASSIGNED_CONTEXT((#2790)) 
GLOBAL_UNIT_ASSIGNED_CONTEXT((#2787,#2788,#2789)) REPRESENTATION_CONTEXT
('Context #1','3D Context with UNIT and UNCERTAINTY') );
#2787 = ( LENGTH_UNIT() NAMED_UNIT(*) SI_UNIT(.MILLI.,.METRE.) );
#2788 = ( NAMED_UNIT(*) PLANE_ANGLE_UNIT() SI_UNIT($,.RADIAN.) );
#2789 = ( NAMED_UNIT(*) SI_UNIT($,.STERADIAN.) SOLID_ANGLE_UNIT() );
#2790 = UNCERTAINTY_MEASURE_WITH_UNIT(LENGTH_MEASURE(1.E-07),#2787,
  'distance_accuracy_value','confusion accuracy');
#2791 = CONTEXT_DEPENDENT_SHAPE_REPRESENTATION(#2792,#2794);
#2792 = ( REPRESENTATION_RELATIONSHIP('','',#2635,#10) 
REPRESENTATION_RELATIONSHIP_WITH_TRANSFORMATION(#2793) 
SHAPE_REPRESENTATION_RELATIONSHIP() );
#2793 = ITEM_DEFINED_TRANSFORMATION('','',#11,#75);
#2794 = PRODUCT_DEFINITION_SHAPE('Placement','Placement of an item',
  #2795);
#2795 = NEXT_ASSEMBLY_USAGE_OCCURRENCE('25','Body016','',#5,#2630,$);
#2796 = PRODUCT_RELATED_PRODUCT_CATEGORY('part',$,(#2632));
#2797 = SHAPE_DEFINITION_REPRESENTATION(#2798,#2804);
#2798 = PRODUCT_DEFINITION_SHAPE('','',#2799);
#2799 = PRODUCT_DEFINITION('design','',#2800,#2803);
#2800 = PRODUCT_DEFINITION_FORMATION('','',#2801);
#2801 = PRODUCT('Body017','Body017','',(#2802));
#2802 = PRODUCT_CONTEXT('',#2,'mechanical');
#2803 = PRODUCT_DEFINITION_CONTEXT('part definition',#2,'design');
#2804 = ADVANCED_BREP_SHAPE_REPRESENTATION('',(#11,#2805),#2955);
#2805 = MANIFOLD_SOLID_BREP('',#2806);
#2806 = CLOSED_SHELL('',(#2807,#2847,#2878,#2909,#2931,#2943));
#2807 = ADVANCED_FACE('',(#2808),#2842,.F.);
#2808 = FACE_BOUND('',#2809,.F.);
#2809 = EDGE_LOOP('',(#2810,#2820,#2828,#2836));
#2810 = ORIENTED_EDGE('',*,*,#2811,.T.);
#2811 = EDGE_CURVE('',#2812,#2814,#2816,.T.);
#2812 = VERTEX_POINT('',#2813);
#2813 = CARTESIAN_POINT('',(3.8,5.250241,3.423271));
#2814 = VERTEX_POINT('',#2815);
#2815 = CARTESIAN_POINT('',(4.4,5.250241,3.423271));
#2816 = LINE('',#2817,#2818);
#2817 = CARTESIAN_POINT('',(3.8,5.250241,3.423271));
#2818 = VECTOR('',#2819,1.);
#2819 = DIRECTION('',(1.,-2.22044604925E-16,1.110223024625E-16));
#2820 = ORIENTED_EDGE('',*,*,#2821,.T.);
#2821 = EDGE_CURVE('',#2814,#2822,#2824,.T.);
#2822 = VERTEX_POINT('',#2823);
#2823 = CARTESIAN_POINT('',(4.4,5.850241,3.423271));
#2824 = LINE('',#2825,#2826);
#2825 = CARTESIAN_POINT('',(4.4,5.250241,3.423271));
#2826 = VECTOR('',#2827,1.);
#2827 = DIRECTION('',(-4.440892098501E-16,1.,-7.771561172376E-16));
#2828 = ORIENTED_EDGE('',*,*,#2829,.F.);
#2829 = EDGE_CURVE('',#2830,#2822,#2832,.T.);
#2830 = VERTEX_POINT('',#2831);
#2831 = CARTESIAN_POINT('',(3.8,5.850241,3.423271));
#2832 = LINE('',#2833,#2834);
#2833 = CARTESIAN_POINT('',(3.8,5.850241,3.423271));
#2834 = VECTOR('',#2835,1.);
#2835 = DIRECTION('',(1.,-2.22044604925E-16,1.110223024625E-16));
#2836 = ORIENTED_EDGE('',*,*,#2837,.F.);
#2837 = EDGE_CURVE('',#2812,#2830,#2838,.T.);
#2838 = LINE('',#2839,#2840);
#2839 = CARTESIAN_POINT('',(3.8,5.250241,3.423271));
#2840 = VECTOR('',#2841,1.);
#2841 = DIRECTION('',(-4.440892098501E-16,1.,-7.771561172376E-16));
#2842 = PLANE('',#2843);
#2843 = AXIS2_PLACEMENT_3D('',#2844,#2845,#2846);
#2844 = CARTESIAN_POINT('',(3.8,5.250241,3.423271));
#2845 = DIRECTION('',(-1.110223024625E-16,3.330669073875E-16,1.));
#2846 = DIRECTION('',(2.465190328816E-32,1.,-3.330669073875E-16));
#2847 = ADVANCED_FACE('',(#2848),#2873,.F.);
#2848 = FACE_BOUND('',#2849,.F.);
#2849 = EDGE_LOOP('',(#2850,#2851,#2859,#2867));
#2850 = ORIENTED_EDGE('',*,*,#2829,.T.);
#2851 = ORIENTED_EDGE('',*,*,#2852,.T.);
#2852 = EDGE_CURVE('',#2822,#2853,#2855,.T.);
#2853 = VERTEX_POINT('',#2854);
#2854 = CARTESIAN_POINT('',(4.4,5.850241,13.423271));
#2855 = LINE('',#2856,#2857);
#2856 = CARTESIAN_POINT('',(4.4,5.850241,3.423271));
#2857 = VECTOR('',#2858,1.);
#2858 = DIRECTION('',(-7.771561172376E-16,-3.330669073875E-16,1.));
#2859 = ORIENTED_EDGE('',*,*,#2860,.F.);
#2860 = EDGE_CURVE('',#2861,#2853,#2863,.T.);
#2861 = VERTEX_POINT('',#2862);
#2862 = CARTESIAN_POINT('',(3.8,5.850241,13.423271));
#2863 = LINE('',#2864,#2865);
#2864 = CARTESIAN_POINT('',(3.8,5.850241,13.423271));
#2865 = VECTOR('',#2866,1.);
#2866 = DIRECTION('',(1.,-2.22044604925E-16,1.110223024625E-16));
#2867 = ORIENTED_EDGE('',*,*,#2868,.F.);
#2868 = EDGE_CURVE('',#2830,#2861,#2869,.T.);
#2869 = LINE('',#2870,#2871);
#2870 = CARTESIAN_POINT('',(3.8,5.850241,3.423271));
#2871 = VECTOR('',#2872,1.);
#2872 = DIRECTION('',(-7.771561172376E-16,-3.330669073875E-16,1.));
#2873 = PLANE('',#2874);
#2874 = AXIS2_PLACEMENT_3D('',#2875,#2876,#2877);
#2875 = CARTESIAN_POINT('',(3.8,5.850241,3.423271));
#2876 = DIRECTION('',(-2.22044604925E-16,-1.,1.110223024625E-16));
#2877 = DIRECTION('',(-3.330669073875E-16,1.110223024625E-16,1.));
#2878 = ADVANCED_FACE('',(#2879),#2904,.F.);
#2879 = FACE_BOUND('',#2880,.F.);
#2880 = EDGE_LOOP('',(#2881,#2882,#2890,#2898));
#2881 = ORIENTED_EDGE('',*,*,#2860,.T.);
#2882 = ORIENTED_EDGE('',*,*,#2883,.T.);
#2883 = EDGE_CURVE('',#2853,#2884,#2886,.T.);
#2884 = VERTEX_POINT('',#2885);
#2885 = CARTESIAN_POINT('',(4.4,5.250241,13.423271));
#2886 = LINE('',#2887,#2888);
#2887 = CARTESIAN_POINT('',(4.4,5.850241,13.423271));
#2888 = VECTOR('',#2889,1.);
#2889 = DIRECTION('',(4.440892098501E-16,-1.,7.771561172376E-16));
#2890 = ORIENTED_EDGE('',*,*,#2891,.F.);
#2891 = EDGE_CURVE('',#2892,#2884,#2894,.T.);
#2892 = VERTEX_POINT('',#2893);
#2893 = CARTESIAN_POINT('',(3.8,5.250241,13.423271));
#2894 = LINE('',#2895,#2896);
#2895 = CARTESIAN_POINT('',(3.8,5.250241,13.423271));
#2896 = VECTOR('',#2897,1.);
#2897 = DIRECTION('',(1.,-2.22044604925E-16,1.110223024625E-16));
#2898 = ORIENTED_EDGE('',*,*,#2899,.F.);
#2899 = EDGE_CURVE('',#2861,#2892,#2900,.T.);
#2900 = LINE('',#2901,#2902);
#2901 = CARTESIAN_POINT('',(3.8,5.850241,13.423271));
#2902 = VECTOR('',#2903,1.);
#2903 = DIRECTION('',(4.440892098501E-16,-1.,7.771561172376E-16));
#2904 = PLANE('',#2905);
#2905 = AXIS2_PLACEMENT_3D('',#2906,#2907,#2908);
#2906 = CARTESIAN_POINT('',(3.8,5.850241,13.423271));
#2907 = DIRECTION('',(1.110223024625E-16,-3.330669073875E-16,-1.));
#2908 = DIRECTION('',(-2.465190328816E-32,-1.,3.330669073875E-16));
#2909 = ADVANCED_FACE('',(#2910),#2926,.F.);
#2910 = FACE_BOUND('',#2911,.F.);
#2911 = EDGE_LOOP('',(#2912,#2913,#2919,#2920));
#2912 = ORIENTED_EDGE('',*,*,#2891,.T.);
#2913 = ORIENTED_EDGE('',*,*,#2914,.T.);
#2914 = EDGE_CURVE('',#2884,#2814,#2915,.T.);
#2915 = LINE('',#2916,#2917);
#2916 = CARTESIAN_POINT('',(4.4,5.250241,13.423271));
#2917 = VECTOR('',#2918,1.);
#2918 = DIRECTION('',(7.771561172376E-16,3.330669073875E-16,-1.));
#2919 = ORIENTED_EDGE('',*,*,#2811,.F.);
#2920 = ORIENTED_EDGE('',*,*,#2921,.F.);
#2921 = EDGE_CURVE('',#2892,#2812,#2922,.T.);
#2922 = LINE('',#2923,#2924);
#2923 = CARTESIAN_POINT('',(3.8,5.250241,13.423271));
#2924 = VECTOR('',#2925,1.);
#2925 = DIRECTION('',(7.771561172376E-16,3.330669073875E-16,-1.));
#2926 = PLANE('',#2927);
#2927 = AXIS2_PLACEMENT_3D('',#2928,#2929,#2930);
#2928 = CARTESIAN_POINT('',(3.8,5.250241,13.423271));
#2929 = DIRECTION('',(2.22044604925E-16,1.,-1.110223024625E-16));
#2930 = DIRECTION('',(3.330669073875E-16,-1.110223024625E-16,-1.));
#2931 = ADVANCED_FACE('',(#2932),#2938,.F.);
#2932 = FACE_BOUND('',#2933,.F.);
#2933 = EDGE_LOOP('',(#2934,#2935,#2936,#2937));
#2934 = ORIENTED_EDGE('',*,*,#2837,.T.);
#2935 = ORIENTED_EDGE('',*,*,#2868,.T.);
#2936 = ORIENTED_EDGE('',*,*,#2899,.T.);
#2937 = ORIENTED_EDGE('',*,*,#2921,.T.);
#2938 = PLANE('',#2939);
#2939 = AXIS2_PLACEMENT_3D('',#2940,#2941,#2942);
#2940 = CARTESIAN_POINT('',(3.8,5.550241,8.423271));
#2941 = DIRECTION('',(1.,-6.661338147751E-16,-3.330669073875E-16));
#2942 = DIRECTION('',(-7.771561172376E-16,-3.330669073875E-16,1.));
#2943 = ADVANCED_FACE('',(#2944),#2950,.T.);
#2944 = FACE_BOUND('',#2945,.T.);
#2945 = EDGE_LOOP('',(#2946,#2947,#2948,#2949));
#2946 = ORIENTED_EDGE('',*,*,#2821,.T.);
#2947 = ORIENTED_EDGE('',*,*,#2852,.T.);
#2948 = ORIENTED_EDGE('',*,*,#2883,.T.);
#2949 = ORIENTED_EDGE('',*,*,#2914,.T.);
#2950 = PLANE('',#2951);
#2951 = AXIS2_PLACEMENT_3D('',#2952,#2953,#2954);
#2952 = CARTESIAN_POINT('',(4.4,5.550241,8.423271));
#2953 = DIRECTION('',(1.,-6.661338147751E-16,-3.330669073875E-16));
#2954 = DIRECTION('',(-7.771561172376E-16,-3.330669073875E-16,1.));
#2955 = ( GEOMETRIC_REPRESENTATION_CONTEXT(3) 
GLOBAL_UNCERTAINTY_ASSIGNED_CONTEXT((#2959)) 
GLOBAL_UNIT_ASSIGNED_CONTEXT((#2956,#2957,#2958)) REPRESENTATION_CONTEXT
('Context #1','3D Context with UNIT and UNCERTAINTY') );
#2956 = ( LENGTH_UNIT() NAMED_UNIT(*) SI_UNIT(.MILLI.,.METRE.) );
#2957 = ( NAMED_UNIT(*) PLANE_ANGLE_UNIT() SI_UNIT($,.RADIAN.) );
#2958 = ( NAMED_UNIT(*) SI_UNIT($,.STERADIAN.) SOLID_ANGLE_UNIT() );
#2959 = UNCERTAINTY_MEASURE_WITH_UNIT(LENGTH_MEASURE(1.E-07),#2956,
  'distance_accuracy_value','confusion accuracy');
#2960 = CONTEXT_DEPENDENT_SHAPE_REPRESENTATION(#2961,#2963);
#2961 = ( REPRESENTATION_RELATIONSHIP('','',#2804,#10) 
REPRESENTATION_RELATIONSHIP_WITH_TRANSFORMATION(#2962) 
SHAPE_REPRESENTATION_RELATIONSHIP() );
#2962 = ITEM_DEFINED_TRANSFORMATION('','',#11,#79);
#2963 = PRODUCT_DEFINITION_SHAPE('Placement','Placement of an item',
  #2964);
#2964 = NEXT_ASSEMBLY_USAGE_OCCURRENCE('26','Body017','',#5,#2799,$);
#2965 = PRODUCT_RELATED_PRODUCT_CATEGORY('part',$,(#2801));
#2966 = SHAPE_DEFINITION_REPRESENTATION(#2967,#2973);
#2967 = PRODUCT_DEFINITION_SHAPE('','',#2968);
#2968 = PRODUCT_DEFINITION('design','',#2969,#2972);
#2969 = PRODUCT_DEFINITION_FORMATION('','',#2970);
#2970 = PRODUCT('Body018','Body018','',(#2971));
#2971 = PRODUCT_CONTEXT('',#2,'mechanical');
#2972 = PRODUCT_DEFINITION_CONTEXT('part definition',#2,'design');
#2973 = ADVANCED_BREP_SHAPE_REPRESENTATION('',(#11,#2974),#3124);
#2974 = MANIFOLD_SOLID_BREP('',#2975);
#2975 = CLOSED_SHELL('',(#2976,#3016,#3047,#3078,#3100,#3112));
#2976 = ADVANCED_FACE('',(#2977),#3011,.F.);
#2977 = FACE_BOUND('',#2978,.F.);
#2978 = EDGE_LOOP('',(#2979,#2989,#2997,#3005));
#2979 = ORIENTED_EDGE('',*,*,#2980,.T.);
#2980 = EDGE_CURVE('',#2981,#2983,#2985,.T.);
#2981 = VERTEX_POINT('',#2982);
#2982 = CARTESIAN_POINT('',(3.8,5.250241,3.423271));
#2983 = VERTEX_POINT('',#2984);
#2984 = CARTESIAN_POINT('',(4.4,5.250241,3.423271));
#2985 = LINE('',#2986,#2987);
#2986 = CARTESIAN_POINT('',(3.8,5.250241,3.423271));
#2987 = VECTOR('',#2988,1.);
#2988 = DIRECTION('',(1.,-2.22044604925E-16,1.110223024625E-16));
#2989 = ORIENTED_EDGE('',*,*,#2990,.T.);
#2990 = EDGE_CURVE('',#2983,#2991,#2993,.T.);
#2991 = VERTEX_POINT('',#2992);
#2992 = CARTESIAN_POINT('',(4.4,5.850241,3.423271));
#2993 = LINE('',#2994,#2995);
#2994 = CARTESIAN_POINT('',(4.4,5.250241,3.423271));
#2995 = VECTOR('',#2996,1.);
#2996 = DIRECTION('',(-4.440892098501E-16,1.,-7.771561172376E-16));
#2997 = ORIENTED_EDGE('',*,*,#2998,.F.);
#2998 = EDGE_CURVE('',#2999,#2991,#3001,.T.);
#2999 = VERTEX_POINT('',#3000);
#3000 = CARTESIAN_POINT('',(3.8,5.850241,3.423271));
#3001 = LINE('',#3002,#3003);
#3002 = CARTESIAN_POINT('',(3.8,5.850241,3.423271));
#3003 = VECTOR('',#3004,1.);
#3004 = DIRECTION('',(1.,-2.22044604925E-16,1.110223024625E-16));
#3005 = ORIENTED_EDGE('',*,*,#3006,.F.);
#3006 = EDGE_CURVE('',#2981,#2999,#3007,.T.);
#3007 = LINE('',#3008,#3009);
#3008 = CARTESIAN_POINT('',(3.8,5.250241,3.423271));
#3009 = VECTOR('',#3010,1.);
#3010 = DIRECTION('',(-4.440892098501E-16,1.,-7.771561172376E-16));
#3011 = PLANE('',#3012);
#3012 = AXIS2_PLACEMENT_3D('',#3013,#3014,#3015);
#3013 = CARTESIAN_POINT('',(3.8,5.250241,3.423271));
#3014 = DIRECTION('',(-1.110223024625E-16,3.330669073875E-16,1.));
#3015 = DIRECTION('',(2.465190328816E-32,1.,-3.330669073875E-16));
#3016 = ADVANCED_FACE('',(#3017),#3042,.F.);
#3017 = FACE_BOUND('',#3018,.F.);
#3018 = EDGE_LOOP('',(#3019,#3020,#3028,#3036));
#3019 = ORIENTED_EDGE('',*,*,#2998,.T.);
#3020 = ORIENTED_EDGE('',*,*,#3021,.T.);
#3021 = EDGE_CURVE('',#2991,#3022,#3024,.T.);
#3022 = VERTEX_POINT('',#3023);
#3023 = CARTESIAN_POINT('',(4.4,5.850241,13.423271));
#3024 = LINE('',#3025,#3026);
#3025 = CARTESIAN_POINT('',(4.4,5.850241,3.423271));
#3026 = VECTOR('',#3027,1.);
#3027 = DIRECTION('',(-7.771561172376E-16,-3.330669073875E-16,1.));
#3028 = ORIENTED_EDGE('',*,*,#3029,.F.);
#3029 = EDGE_CURVE('',#3030,#3022,#3032,.T.);
#3030 = VERTEX_POINT('',#3031);
#3031 = CARTESIAN_POINT('',(3.8,5.850241,13.423271));
#3032 = LINE('',#3033,#3034);
#3033 = CARTESIAN_POINT('',(3.8,5.850241,13.423271));
#3034 = VECTOR('',#3035,1.);
#3035 = DIRECTION('',(1.,-2.22044604925E-16,1.110223024625E-16));
#3036 = ORIENTED_EDGE('',*,*,#3037,.F.);
#3037 = EDGE_CURVE('',#2999,#3030,#3038,.T.);
#3038 = LINE('',#3039,#3040);
#3039 = CARTESIAN_POINT('',(3.8,5.850241,3.423271));
#3040 = VECTOR('',#3041,1.);
#3041 = DIRECTION('',(-7.771561172376E-16,-3.330669073875E-16,1.));
#3042 = PLANE('',#3043);
#3043 = AXIS2_PLACEMENT_3D('',#3044,#3045,#3046);
#3044 = CARTESIAN_POINT('',(3.8,5.850241,3.423271));
#3045 = DIRECTION('',(-2.22044604925E-16,-1.,1.110223024625E-16));
#3046 = DIRECTION('',(-3.330669073875E-16,1.110223024625E-16,1.));
#3047 = ADVANCED_FACE('',(#3048),#3073,.F.);
#3048 = FACE_BOUND('',#3049,.F.);
#3049 = EDGE_LOOP('',(#3050,#3051,#3059,#3067));
#3050 = ORIENTED_EDGE('',*,*,#3029,.T.);
#3051 = ORIENTED_EDGE('',*,*,#3052,.T.);
#3052 = EDGE_CURVE('',#3022,#3053,#3055,.T.);
#3053 = VERTEX_POINT('',#3054);
#3054 = CARTESIAN_POINT('',(4.4,5.250241,13.423271));
#3055 = LINE('',#3056,#3057);
#3056 = CARTESIAN_POINT('',(4.4,5.850241,13.423271));
#3057 = VECTOR('',#3058,1.);
#3058 = DIRECTION('',(4.440892098501E-16,-1.,7.771561172376E-16));
#3059 = ORIENTED_EDGE('',*,*,#3060,.F.);
#3060 = EDGE_CURVE('',#3061,#3053,#3063,.T.);
#3061 = VERTEX_POINT('',#3062);
#3062 = CARTESIAN_POINT('',(3.8,5.250241,13.423271));
#3063 = LINE('',#3064,#3065);
#3064 = CARTESIAN_POINT('',(3.8,5.250241,13.423271));
#3065 = VECTOR('',#3066,1.);
#3066 = DIRECTION('',(1.,-2.22044604925E-16,1.110223024625E-16));
#3067 = ORIENTED_EDGE('',*,*,#3068,.F.);
#3068 = EDGE_CURVE('',#3030,#3061,#3069,.T.);
#3069 = LINE('',#3070,#3071);
#3070 = CARTESIAN_POINT('',(3.8,5.850241,13.423271));
#3071 = VECTOR('',#3072,1.);
#3072 = DIRECTION('',(4.440892098501E-16,-1.,7.771561172376E-16));
#3073 = PLANE('',#3074);
#3074 = AXIS2_PLACEMENT_3D('',#3075,#3076,#3077);
#3075 = CARTESIAN_POINT('',(3.8,5.850241,13.423271));
#3076 = DIRECTION('',(1.110223024625E-16,-3.330669073875E-16,-1.));
#3077 = DIRECTION('',(-2.465190328816E-32,-1.,3.330669073875E-16));
#3078 = ADVANCED_FACE('',(#3079),#3095,.F.);
#3079 = FACE_BOUND('',#3080,.F.);
#3080 = EDGE_LOOP('',(#3081,#3082,#3088,#3089));
#3081 = ORIENTED_EDGE('',*,*,#3060,.T.);
#3082 = ORIENTED_EDGE('',*,*,#3083,.T.);
#3083 = EDGE_CURVE('',#3053,#2983,#3084,.T.);
#3084 = LINE('',#3085,#3086);
#3085 = CARTESIAN_POINT('',(4.4,5.250241,13.423271));
#3086 = VECTOR('',#3087,1.);
#3087 = DIRECTION('',(7.771561172376E-16,3.330669073875E-16,-1.));
#3088 = ORIENTED_EDGE('',*,*,#2980,.F.);
#3089 = ORIENTED_EDGE('',*,*,#3090,.F.);
#3090 = EDGE_CURVE('',#3061,#2981,#3091,.T.);
#3091 = LINE('',#3092,#3093);
#3092 = CARTESIAN_POINT('',(3.8,5.250241,13.423271));
#3093 = VECTOR('',#3094,1.);
#3094 = DIRECTION('',(7.771561172376E-16,3.330669073875E-16,-1.));
#3095 = PLANE('',#3096);
#3096 = AXIS2_PLACEMENT_3D('',#3097,#3098,#3099);
#3097 = CARTESIAN_POINT('',(3.8,5.250241,13.423271));
#3098 = DIRECTION('',(2.22044604925E-16,1.,-1.110223024625E-16));
#3099 = DIRECTION('',(3.330669073875E-16,-1.110223024625E-16,-1.));
#3100 = ADVANCED_FACE('',(#3101),#3107,.F.);
#3101 = FACE_BOUND('',#3102,.F.);
#3102 = EDGE_LOOP('',(#3103,#3104,#3105,#3106));
#3103 = ORIENTED_EDGE('',*,*,#3006,.T.);
#3104 = ORIENTED_EDGE('',*,*,#3037,.T.);
#3105 = ORIENTED_EDGE('',*,*,#3068,.T.);
#3106 = ORIENTED_EDGE('',*,*,#3090,.T.);
#3107 = PLANE('',#3108);
#3108 = AXIS2_PLACEMENT_3D('',#3109,#3110,#3111);
#3109 = CARTESIAN_POINT('',(3.8,5.550241,8.423271));
#3110 = DIRECTION('',(1.,-6.661338147751E-16,-3.330669073875E-16));
#3111 = DIRECTION('',(-7.771561172376E-16,-3.330669073875E-16,1.));
#3112 = ADVANCED_FACE('',(#3113),#3119,.T.);
#3113 = FACE_BOUND('',#3114,.T.);
#3114 = EDGE_LOOP('',(#3115,#3116,#3117,#3118));
#3115 = ORIENTED_EDGE('',*,*,#2990,.T.);
#3116 = ORIENTED_EDGE('',*,*,#3021,.T.);
#3117 = ORIENTED_EDGE('',*,*,#3052,.T.);
#3118 = ORIENTED_EDGE('',*,*,#3083,.T.);
#3119 = PLANE('',#3120);
#3120 = AXIS2_PLACEMENT_3D('',#3121,#3122,#3123);
#3121 = CARTESIAN_POINT('',(4.4,5.550241,8.423271));
#3122 = DIRECTION('',(1.,-6.661338147751E-16,-3.330669073875E-16));
#3123 = DIRECTION('',(-7.771561172376E-16,-3.330669073875E-16,1.));
#3124 = ( GEOMETRIC_REPRESENTATION_CONTEXT(3) 
GLOBAL_UNCERTAINTY_ASSIGNED_CONTEXT((#3128)) 
GLOBAL_UNIT_ASSIGNED_CONTEXT((#3125,#3126,#3127)) REPRESENTATION_CONTEXT
('Context #1','3D Context with UNIT and UNCERTAINTY') );
#3125 = ( LENGTH_UNIT() NAMED_UNIT(*) SI_UNIT(.MILLI.,.METRE.) );
#3126 = ( NAMED_UNIT(*) PLANE_ANGLE_UNIT() SI_UNIT($,.RADIAN.) );
#3127 = ( NAMED_UNIT(*) SI_UNIT($,.STERADIAN.) SOLID_ANGLE_UNIT() );
#3128 = UNCERTAINTY_MEASURE_WITH_UNIT(LENGTH_MEASURE(1.E-07),#3125,
  'distance_accuracy_value','confusion accuracy');
#3129 = CONTEXT_DEPENDENT_SHAPE_REPRESENTATION(#3130,#3132);
#3130 = ( REPRESENTATION_RELATIONSHIP('','',#2973,#10) 
REPRESENTATION_RELATIONSHIP_WITH_TRANSFORMATION(#3131) 
SHAPE_REPRESENTATION_RELATIONSHIP() );
#3131 = ITEM_DEFINED_TRANSFORMATION('','',#11,#83);
#3132 = PRODUCT_DEFINITION_SHAPE('Placement','Placement of an item',
  #3133);
#3133 = NEXT_ASSEMBLY_USAGE_OCCURRENCE('27','Body018','',#5,#2968,$);
#3134 = PRODUCT_RELATED_PRODUCT_CATEGORY('part',$,(#2970));
#3135 = MECHANICAL_DESIGN_GEOMETRIC_PRESENTATION_REPRESENTATION('',(
    #3136),#1265);
#3136 = STYLED_ITEM('color',(#3137),#1115);
#3137 = PRESENTATION_STYLE_ASSIGNMENT((#3138,#3144));
#3138 = SURFACE_STYLE_USAGE(.BOTH.,#3139);
#3139 = SURFACE_SIDE_STYLE('',(#3140));
#3140 = SURFACE_STYLE_FILL_AREA(#3141);
#3141 = FILL_AREA_STYLE('',(#3142));
#3142 = FILL_AREA_STYLE_COLOUR('',#3143);
#3143 = COLOUR_RGB('',0.678430976034,0.709803998361,0.741176010593);
#3144 = CURVE_STYLE('',#3145,POSITIVE_LENGTH_MEASURE(0.1),#3146);
#3145 = DRAUGHTING_PRE_DEFINED_CURVE_FONT('continuous');
#3146 = COLOUR_RGB('',9.803921802644E-02,9.803921802644E-02,
  9.803921802644E-02);
#3147 = MECHANICAL_DESIGN_GEOMETRIC_PRESENTATION_REPRESENTATION('',(
    #3148),#927);
#3148 = STYLED_ITEM('color',(#3149),#777);
#3149 = PRESENTATION_STYLE_ASSIGNMENT((#3150,#3155));
#3150 = SURFACE_STYLE_USAGE(.BOTH.,#3151);
#3151 = SURFACE_SIDE_STYLE('',(#3152));
#3152 = SURFACE_STYLE_FILL_AREA(#3153);
#3153 = FILL_AREA_STYLE('',(#3154));
#3154 = FILL_AREA_STYLE_COLOUR('',#3143);
#3155 = CURVE_STYLE('',#3156,POSITIVE_LENGTH_MEASURE(0.1),#3146);
#3156 = DRAUGHTING_PRE_DEFINED_CURVE_FONT('continuous');
#3157 = MECHANICAL_DESIGN_GEOMETRIC_PRESENTATION_REPRESENTATION('',(
    #3158),#420);
#3158 = STYLED_ITEM('color',(#3159),#270);
#3159 = PRESENTATION_STYLE_ASSIGNMENT((#3160,#3165));
#3160 = SURFACE_STYLE_USAGE(.BOTH.,#3161);
#3161 = SURFACE_SIDE_STYLE('',(#3162));
#3162 = SURFACE_STYLE_FILL_AREA(#3163);
#3163 = FILL_AREA_STYLE('',(#3164));
#3164 = FILL_AREA_STYLE_COLOUR('',#3143);
#3165 = CURVE_STYLE('',#3166,POSITIVE_LENGTH_MEASURE(0.1),#3146);
#3166 = DRAUGHTING_PRE_DEFINED_CURVE_FONT('continuous');
#3167 = MECHANICAL_DESIGN_GEOMETRIC_PRESENTATION_REPRESENTATION('',(
    #3168),#2955);
#3168 = STYLED_ITEM('color',(#3169),#2805);
#3169 = PRESENTATION_STYLE_ASSIGNMENT((#3170,#3175));
#3170 = SURFACE_STYLE_USAGE(.BOTH.,#3171);
#3171 = SURFACE_SIDE_STYLE('',(#3172));
#3172 = SURFACE_STYLE_FILL_AREA(#3173);
#3173 = FILL_AREA_STYLE('',(#3174));
#3174 = FILL_AREA_STYLE_COLOUR('',#3143);
#3175 = CURVE_STYLE('',#3176,POSITIVE_LENGTH_MEASURE(0.1),#3146);
#3176 = DRAUGHTING_PRE_DEFINED_CURVE_FONT('continuous');
#3177 = MECHANICAL_DESIGN_GEOMETRIC_PRESENTATION_REPRESENTATION('',(
    #3178),#2448);
#3178 = STYLED_ITEM('color',(#3179),#2298);
#3179 = PRESENTATION_STYLE_ASSIGNMENT((#3180,#3185));
#3180 = SURFACE_STYLE_USAGE(.BOTH.,#3181);
#3181 = SURFACE_SIDE_STYLE('',(#3182));
#3182 = SURFACE_STYLE_FILL_AREA(#3183);
#3183 = FILL_AREA_STYLE('',(#3184));
#3184 = FILL_AREA_STYLE_COLOUR('',#3143);
#3185 = CURVE_STYLE('',#3186,POSITIVE_LENGTH_MEASURE(0.1),#3146);
#3186 = DRAUGHTING_PRE_DEFINED_CURVE_FONT('continuous');
#3187 = MECHANICAL_DESIGN_GEOMETRIC_PRESENTATION_REPRESENTATION('',(
    #3188),#1772);
#3188 = STYLED_ITEM('color',(#3189),#1622);
#3189 = PRESENTATION_STYLE_ASSIGNMENT((#3190,#3195));
#3190 = SURFACE_STYLE_USAGE(.BOTH.,#3191);
#3191 = SURFACE_SIDE_STYLE('',(#3192));
#3192 = SURFACE_STYLE_FILL_AREA(#3193);
#3193 = FILL_AREA_STYLE('',(#3194));
#3194 = FILL_AREA_STYLE_COLOUR('',#3143);
#3195 = CURVE_STYLE('',#3196,POSITIVE_LENGTH_MEASURE(0.1),#3146);
#3196 = DRAUGHTING_PRE_DEFINED_CURVE_FONT('continuous');
#3197 = MECHANICAL_DESIGN_GEOMETRIC_PRESENTATION_REPRESENTATION('',(
    #3198),#1096);
#3198 = STYLED_ITEM('color',(#3199),#946);
#3199 = PRESENTATION_STYLE_ASSIGNMENT((#3200,#3205));
#3200 = SURFACE_STYLE_USAGE(.BOTH.,#3201);
#3201 = SURFACE_SIDE_STYLE('',(#3202));
#3202 = SURFACE_STYLE_FILL_AREA(#3203);
#3203 = FILL_AREA_STYLE('',(#3204));
#3204 = FILL_AREA_STYLE_COLOUR('',#3143);
#3205 = CURVE_STYLE('',#3206,POSITIVE_LENGTH_MEASURE(0.1),#3146);
#3206 = DRAUGHTING_PRE_DEFINED_CURVE_FONT('continuous');
#3207 = MECHANICAL_DESIGN_GEOMETRIC_PRESENTATION_REPRESENTATION('',(
    #3208),#1603);
#3208 = STYLED_ITEM('color',(#3209),#1453);
#3209 = PRESENTATION_STYLE_ASSIGNMENT((#3210,#3215));
#3210 = SURFACE_STYLE_USAGE(.BOTH.,#3211);
#3211 = SURFACE_SIDE_STYLE('',(#3212));
#3212 = SURFACE_STYLE_FILL_AREA(#3213);
#3213 = FILL_AREA_STYLE('',(#3214));
#3214 = FILL_AREA_STYLE_COLOUR('',#3143);
#3215 = CURVE_STYLE('',#3216,POSITIVE_LENGTH_MEASURE(0.1),#3146);
#3216 = DRAUGHTING_PRE_DEFINED_CURVE_FONT('continuous');
#3217 = MECHANICAL_DESIGN_GEOMETRIC_PRESENTATION_REPRESENTATION('',(
    #3218),#2786);
#3218 = STYLED_ITEM('color',(#3219),#2636);
#3219 = PRESENTATION_STYLE_ASSIGNMENT((#3220,#3225));
#3220 = SURFACE_STYLE_USAGE(.BOTH.,#3221);
#3221 = SURFACE_SIDE_STYLE('',(#3222));
#3222 = SURFACE_STYLE_FILL_AREA(#3223);
#3223 = FILL_AREA_STYLE('',(#3224));
#3224 = FILL_AREA_STYLE_COLOUR('',#3143);
#3225 = CURVE_STYLE('',#3226,POSITIVE_LENGTH_MEASURE(0.1),#3146);
#3226 = DRAUGHTING_PRE_DEFINED_CURVE_FONT('continuous');
#3227 = MECHANICAL_DESIGN_GEOMETRIC_PRESENTATION_REPRESENTATION('',(
    #3228),#251);
#3228 = STYLED_ITEM('color',(#3229),#101);
#3229 = PRESENTATION_STYLE_ASSIGNMENT((#3230,#3235));
#3230 = SURFACE_STYLE_USAGE(.BOTH.,#3231);
#3231 = SURFACE_SIDE_STYLE('',(#3232));
#3232 = SURFACE_STYLE_FILL_AREA(#3233);
#3233 = FILL_AREA_STYLE('',(#3234));
#3234 = FILL_AREA_STYLE_COLOUR('',#3143);
#3235 = CURVE_STYLE('',#3236,POSITIVE_LENGTH_MEASURE(0.1),#3146);
#3236 = DRAUGHTING_PRE_DEFINED_CURVE_FONT('continuous');
#3237 = MECHANICAL_DESIGN_GEOMETRIC_PRESENTATION_REPRESENTATION('',(
    #3238),#3124);
#3238 = STYLED_ITEM('color',(#3239),#2974);
#3239 = PRESENTATION_STYLE_ASSIGNMENT((#3240,#3245));
#3240 = SURFACE_STYLE_USAGE(.BOTH.,#3241);
#3241 = SURFACE_SIDE_STYLE('',(#3242));
#3242 = SURFACE_STYLE_FILL_AREA(#3243);
#3243 = FILL_AREA_STYLE('',(#3244));
#3244 = FILL_AREA_STYLE_COLOUR('',#3143);
#3245 = CURVE_STYLE('',#3246,POSITIVE_LENGTH_MEASURE(0.1),#3146);
#3246 = DRAUGHTING_PRE_DEFINED_CURVE_FONT('continuous');
#3247 = MECHANICAL_DESIGN_GEOMETRIC_PRESENTATION_REPRESENTATION('',(
    #3248),#2617);
#3248 = STYLED_ITEM('color',(#3249),#2467);
#3249 = PRESENTATION_STYLE_ASSIGNMENT((#3250,#3255));
#3250 = SURFACE_STYLE_USAGE(.BOTH.,#3251);
#3251 = SURFACE_SIDE_STYLE('',(#3252));
#3252 = SURFACE_STYLE_FILL_AREA(#3253);
#3253 = FILL_AREA_STYLE('',(#3254));
#3254 = FILL_AREA_STYLE_COLOUR('',#3143);
#3255 = CURVE_STYLE('',#3256,POSITIVE_LENGTH_MEASURE(0.1),#3146);
#3256 = DRAUGHTING_PRE_DEFINED_CURVE_FONT('continuous');
#3257 = MECHANICAL_DESIGN_GEOMETRIC_PRESENTATION_REPRESENTATION('',(
    #3258),#589);
#3258 = STYLED_ITEM('color',(#3259),#439);
#3259 = PRESENTATION_STYLE_ASSIGNMENT((#3260,#3265));
#3260 = SURFACE_STYLE_USAGE(.BOTH.,#3261);
#3261 = SURFACE_SIDE_STYLE('',(#3262));
#3262 = SURFACE_STYLE_FILL_AREA(#3263);
#3263 = FILL_AREA_STYLE('',(#3264));
#3264 = FILL_AREA_STYLE_COLOUR('',#3143);
#3265 = CURVE_STYLE('',#3266,POSITIVE_LENGTH_MEASURE(0.1),#3146);
#3266 = DRAUGHTING_PRE_DEFINED_CURVE_FONT('continuous');
#3267 = MECHANICAL_DESIGN_GEOMETRIC_PRESENTATION_REPRESENTATION('',(
    #3268),#1434);
#3268 = STYLED_ITEM('color',(#3269),#1284);
#3269 = PRESENTATION_STYLE_ASSIGNMENT((#3270,#3275));
#3270 = SURFACE_STYLE_USAGE(.BOTH.,#3271);
#3271 = SURFACE_SIDE_STYLE('',(#3272));
#3272 = SURFACE_STYLE_FILL_AREA(#3273);
#3273 = FILL_AREA_STYLE('',(#3274));
#3274 = FILL_AREA_STYLE_COLOUR('',#3143);
#3275 = CURVE_STYLE('',#3276,POSITIVE_LENGTH_MEASURE(0.1),#3146);
#3276 = DRAUGHTING_PRE_DEFINED_CURVE_FONT('continuous');
#3277 = MECHANICAL_DESIGN_GEOMETRIC_PRESENTATION_REPRESENTATION('',(
    #3278),#758);
#3278 = STYLED_ITEM('color',(#3279),#608);
#3279 = PRESENTATION_STYLE_ASSIGNMENT((#3280,#3285));
#3280 = SURFACE_STYLE_USAGE(.BOTH.,#3281);
#3281 = SURFACE_SIDE_STYLE('',(#3282));
#3282 = SURFACE_STYLE_FILL_AREA(#3283);
#3283 = FILL_AREA_STYLE('',(#3284));
#3284 = FILL_AREA_STYLE_COLOUR('',#3143);
#3285 = CURVE_STYLE('',#3286,POSITIVE_LENGTH_MEASURE(0.1),#3146);
#3286 = DRAUGHTING_PRE_DEFINED_CURVE_FONT('continuous');
#3287 = MECHANICAL_DESIGN_GEOMETRIC_PRESENTATION_REPRESENTATION('',(
    #3288),#1941);
#3288 = STYLED_ITEM('color',(#3289),#1791);
#3289 = PRESENTATION_STYLE_ASSIGNMENT((#3290,#3295));
#3290 = SURFACE_STYLE_USAGE(.BOTH.,#3291);
#3291 = SURFACE_SIDE_STYLE('',(#3292));
#3292 = SURFACE_STYLE_FILL_AREA(#3293);
#3293 = FILL_AREA_STYLE('',(#3294));
#3294 = FILL_AREA_STYLE_COLOUR('',#3143);
#3295 = CURVE_STYLE('',#3296,POSITIVE_LENGTH_MEASURE(0.1),#3146);
#3296 = DRAUGHTING_PRE_DEFINED_CURVE_FONT('continuous');
#3297 = MECHANICAL_DESIGN_GEOMETRIC_PRESENTATION_REPRESENTATION('',(
    #3298),#2110);
#3298 = STYLED_ITEM('color',(#3299),#1960);
#3299 = PRESENTATION_STYLE_ASSIGNMENT((#3300,#3305));
#3300 = SURFACE_STYLE_USAGE(.BOTH.,#3301);
#3301 = SURFACE_SIDE_STYLE('',(#3302));
#3302 = SURFACE_STYLE_FILL_AREA(#3303);
#3303 = FILL_AREA_STYLE('',(#3304));
#3304 = FILL_AREA_STYLE_COLOUR('',#3143);
#3305 = CURVE_STYLE('',#3306,POSITIVE_LENGTH_MEASURE(0.1),#3146);
#3306 = DRAUGHTING_PRE_DEFINED_CURVE_FONT('continuous');
#3307 = MECHANICAL_DESIGN_GEOMETRIC_PRESENTATION_REPRESENTATION('',(
    #3308),#2279);
#3308 = STYLED_ITEM('color',(#3309),#2129);
#3309 = PRESENTATION_STYLE_ASSIGNMENT((#3310,#3315));
#3310 = SURFACE_STYLE_USAGE(.BOTH.,#3311);
#3311 = SURFACE_SIDE_STYLE('',(#3312));
#3312 = SURFACE_STYLE_FILL_AREA(#3313);
#3313 = FILL_AREA_STYLE('',(#3314));
#3314 = FILL_AREA_STYLE_COLOUR('',#3143);
#3315 = CURVE_STYLE('',#3316,POSITIVE_LENGTH_MEASURE(0.1),#3146);
#3316 = DRAUGHTING_PRE_DEFINED_CURVE_FONT('continuous');
ENDSEC;
END-ISO-10303-21;
